date,price,volume,return_1d,return_3d,return_7d,return_14d,MA7,MA30,MA_diff,vol_7d,vol_MA7,highest_30,lowest_30,pos_channel_30
2024-11-21,89326.4051029836,76555842681.1068,,,,,,,,,,,,
2024-11-22,94069.11559788969,112837970883.96764,5.309416056135086,,,,,,,,,,,
2024-11-23,94955.55602347082,82303465655.24199,0.9423288610157066,,,,,,,,,,,
2024-11-24,93760.27068972368,45511800251.80984,-1.258783986743961,4.96366732952962,,,,,,,,,,
2024-11-25,93546.11482101932,48355173230.56986,-0.2284079036130926,-0.5559750121453266,,,,,,,,,,
2024-11-26,88960.11249694412,85585174959.04805,-4.9023974248952555,-6.313947048074553,,,,,,,,,,
2024-11-27,87635.2127980843,92837558437.63956,-1.489318821292318,-6.532679403101049,,,91750.39821858794,,,,77712426585.62625,,,
2024-11-28,90869.12691365478,77130214035.7825,3.690199421346252,-2.861677272740182,1.727061341931968,,91970.78704868382,,,3.4150577290743476,77794479636.2942,,,
2024-11-29,90578.80838013266,46460805592.15066,-0.31949083630790076,1.8195749058255162,-3.7103646564264348,,91472.1717318614,,,2.6038246761478114,68312027451.74892,,,
2024-11-30,92112.0297646138,70577516541.62772,1.6926932600467293,5.1084681871478965,-2.9945864970283176,,91065.9536948818,,,2.6876475343294683,66636891864.08974,,,
2024-12-01,91239.47122285848,41198720283.14104,-0.9472796810417572,0.407557904188538,-2.6885582222849536,,90705.83948532962,,,2.673643539938291,66020737582.85133,,,
2024-12-02,92304.33867392405,46618694880.34837,1.1671126945316912,1.9050044095853425,-1.3274481248859438,,90528.44289288747,,,2.7361891241050835,65772669247.105415,,,
2024-12-03,91254.9956460552,96193940544.53133,-1.136829582383747,-0.9304258311848002,2.579676536706188,,90856.28334276048,,,1.8861871860398434,67288207187.88873,,,
2024-12-04,91374.28893844674,83671044173.51279,0.1307252184354235,0.14776249114700768,4.2666366874437145,,91390.43707709796,,,1.7097958741469415,65978705150.15635,,,
2024-12-05,94065.64524925785,93446650410.37816,2.9454197040308827,1.9081514483905604,3.517716571262386,5.305531036215361,91847.08255361268,,,1.4960639040631933,68309624632.24144,,,
2024-12-06,91830.04825245812,179935267250.6917,-2.376634945601863,0.6301601378990052,1.3813825713784755,-2.3802364157464284,92025.83110680203,,,1.8460395497202828,87377404869.17587,,,
2024-12-07,94532.37474294563,109509066272.2067,2.9427475449629537,3.4562083504981356,2.6276100792880674,-0.4456624743691684,92371.59467513514,,,2.0612135857810117,92939054830.68715,,,
2024-12-08,94396.5048454845,57765605617.94603,-0.1437284293667518,0.35173266004810966,3.460162120969268,0.6785754254766019,92822.59947836745,,,1.9957038733119092,95305752735.65929,,,
2024-12-09,95806.82736572677,59316795003.98513,1.4940410373782465,4.330585890944683,3.7945006075778,2.4166824555277744,93322.95500576783,,,2.017511741640041,97119767039.03598,,,
2024-12-10,92230.50083900787,139118734393.82437,-3.7328514314192485,-2.435011190819081,1.0689882631042869,3.6762412392139288,93462.31289047535,,,2.5482360121844287,103251880446.07785,,,
2024-12-11,91771.99667795865,119485287617.8021,-0.49712856037674724,-2.780302270536228,0.43525125517509533,4.720458532354677,93519.12828183419,,,2.561274127133099,108368200938.11917,,,
2024-12-12,96256.94286515891,112782750873.94843,4.887053076701142,0.46981568204309543,2.3295408329943257,5.9292040481732755,93832.1707983915,,,2.9910825802907124,111130501004.34349,,,
2024-12-13,95478.4718086457,95565580844.76036,-0.8087427600975583,3.5215801064631513,3.973017139397972,5.40928227709796,94353.37416356115,,,2.8041959494884465,99077688660.63902,,,
2024-12-14,96474.24824906969,75010198346.95139,1.0429329476697946,5.1238414127698695,2.0541888547753517,4.73577500745912,94630.78466443601,,,2.624924949369181,94149278957.03111,,,
2024-12-15,96521.66753667717,54581936836.852325,0.049152274796759876,0.2750187816468408,2.251315019206812,5.789376289694359,94934.37933460639,,,2.620251222646917,93694469131.1606,,,
2024-12-16,99631.30349379999,67211229482.25423,3.2216973001851557,4.349495343282439,3.9918617839978188,7.9378336112230885,95480.7330671883,,,2.8199700747609846,94822245485.199,,,
2024-12-17,100856.74619693069,109519261247.90494,1.2299775875229457,4.54266089386528,9.352920432450308,10.521890317234984,96713.05383260583,,,2.0765297633201882,90593749321.49625,,,
2024-12-18,101033.24653744219,89011307385.97536,0.17500102587770794,4.674161891215434,10.09158588102057,10.570760890409868,98036.08952681777,,,1.993258644038675,86240323574.09242,,,
2024-12-19,96953.12069442325,109837411439.82729,-4.038399222880429,-2.6880937069576727,0.7232494701598702,3.06963869488599,98135.54350242695,,,2.231110729082713,85819560797.78941,,,
2024-12-20,94409.72595593294,97072845278.74718,-2.6233242625645636,-6.392254840751499,-1.119357937415144,2.809186919278095,97982.86552346799,93807.8406126907,4175.024910777283,2.452087608575588,86034884288.35896,101033.24653744219,87635.2127980843,0.5056348781946948
2024-12-21,93650.42813640687,107693884166.9941,-0.8042580484562301,-7.3073158134132505,-2.927019555905208,-0.9329572106243633,97579.46265023046,93951.97471380483,3627.487936425634,2.403137276425492,90703982262.65077,101033.24653744219,87635.2127980843,0.4489625459482426
2024-12-22,93195.44410350095,50870944698.41026,-0.4858323041974977,-3.875766518919743,-3.4460898967708875,-1.2723572169854536,97104.28787406241,93922.85233065853,3181.435543403888,2.3950177519909985,90173840528.58763,101033.24653744219,87635.2127980843,0.41500353063621453
2024-12-23,91140.91969775569,42764070707.24802,-2.2045330922652706,-3.4623617694886755,-8.521803387398874,-4.870120216130058,95891.37590319893,93795.69778646802,2095.678116730909,1.8044333286894063,86681389275.0153,101033.24653744219,87635.2127980843,0.26165831254574784
2024-12-24,90965.4953002581,62413268757.195694,-0.19247600098762918,-2.866973370626802,-9.807227845085487,-1.3715696296151436,94478.34006081715,93702.53860681917,775.8014539979777,1.5391738279694416,79951961776.34256,101033.24653744219,87635.2127980843,0.24856501834226638
2024-12-25,94886.05944712395,47271161474.46614,4.30994646258438,1.8140536373703275,-6.084321053703978,3.3932603429050356,93600.17047648596,93747.20342768932,-147.03295120336406,2.656322512833987,73989083788.9841,101033.24653744219,87635.2127980843,0.5411873704825545
2024-12-26,95543.42015726255,32664093004.44061,0.6927895561991582,4.830432339399882,-1.4540022302157785,-0.7412688234820664,93398.78468546302,93966.64701636661,-567.8623309035902,2.290306050373824,62964324012.50029,101033.24653744219,87635.2127980843,0.5902513393399806
2024-12-27,91803.34079160506,43224844021.466805,-3.914533684791044,0.9210585712543073,-2.7607167989709525,-3.849172433767256,93026.44394770188,94105.58461615063,-1079.1406684487592,2.5558479310480426,55271752404.317375,101033.24653744219,90578.80838013266,0.11713038931855349
2024-12-28,90481.9775065786,39804860861.68365,-1.4393411760754815,-4.641442553528696,-3.383274046770257,-6.211264509696635,92573.80814344068,94092.67963591476,-1518.871492474078,2.5848865004837385,45573320503.55874,101033.24653744219,90481.9775065786,0.0
2024-12-29,91277.95711668122,21509262533.289673,0.8797106695029422,-4.464423644831273,-2.0574900471424407,-5.4326769872716785,92299.88143103788,94115.98459379972,-1816.1031627618358,2.633851879938239,41378794479.970085,101033.24653744219,90481.9775065786,0.07543922989493528
2024-12-30,89809.00932731242,23074978677.218758,-1.6093127363609128,-2.172395304022545,-1.4613747314161207,-9.858642637450599,92109.60852097457,94039.21724588967,-1929.6087249151024,2.569698918278851,38566067047.108765,101033.24653744219,89809.00932731242,0.0
2024-12-31,89022.96932884614,55354021112.475815,-0.8752351288070948,-1.6124848482963028,-2.13545362997265,-11.733252672040573,91832.10481077284,93965.33384942258,-2133.2290386497334,2.5830904891834643,37557603097.86306,101033.24653744219,89022.96932884614,0.0
2025-01-01,90345.89050387108,43794716681.888275,1.486044764624883,-1.0211300101936716,-4.784864046106707,-10.578058609262298,91183.50924745102,93900.05224375414,-2716.54299630312,1.8685773604271183,37060968127.4948,101033.24653744219,89022.96932884614,0.11014909581588102
2025-01-02,91178.22880527575,22484425599.91051,0.9212796473227591,1.524590337004117,-4.568803738448734,-5.9563754604132875,90559.91048288147,93897.49334906151,-3337.5828661800333,1.8983709193525302,35606729926.84764,101033.24653744219,89022.96932884614,0.17945126819279716
2025-01-03,94323.14355478664,43978190177.02596,3.4491948250358284,5.953715390420133,2.7447832959603957,-0.09170919655747678,90919.88230619312,93995.7885029395,-3075.9061967463786,1.8269124053297776,35714350806.213234,101033.24653744219,89022.96932884614,0.4413032383754671
2025-01-04,95112.0929531571,34639172910.93523,0.8364324688905356,5.275505529586644,5.117168715993059,1.5607668281251597,91581.32736999006,94030.67009306948,-2449.3427230794186,1.637327533584336,34976395384.67775,101033.24653744219,89022.96932884614,0.5069927628275579
2025-01-05,95288.50094704173,20345279739.948383,0.18547377983944013,4.507953483658977,4.393770365865879,2.245878930751455,92154.2622028987,94145.9518495556,-1991.6896466569015,1.647520917890649,34810112128.48614,101033.24653744219,89022.96932884614,0.5216808496069677
2025-01-06,95454.57145123628,19466830101.909275,0.17428178903438063,1.1995231009158003,6.2861868382807495,4.7329473608404005,92960.77107774497,94176.69173983195,-1215.9206620869809,1.356027657971813,34294662332.013355,101033.24653744219,89022.96932884614,0.535508216062397
2025-01-07,98447.21362240084,44405404337.24864,3.1351480873740956,3.506515907379204,10.58630639328828,8.224787099160125,94307.09169110992,94311.71536572916,-4.623674619244412,1.3366682693279137,32730574221.26661,101033.24653744219,89022.96932884614,0.7846816630351829
2025-01-08,93725.14520903539,58592905348.26819,-4.796548566094705,-1.640655191831808,3.740352423688287,-1.2234824007371636,94789.84236327624,94242.32596050612,547.5164027701248,2.713159358922801,34844601173.6066,101033.24653744219,89022.96932884614,0.3915126852212688
2025-01-09,92092.76505735616,63765899710.00855,-1.7416672420603074,-3.521891453462267,1.0030204184307223,-3.6116093543926753,94920.49039928774,94237.7347677844,682.7556315033435,2.8375546164935503,40741954617.90632,101033.24653744219,89022.96932884614,0.2555974083856188
2025-01-10,89707.52517607683,63948449606.06698,-2.5900404660385457,-8.877537641487265,-4.893410254111041,-2.2829404654083008,94261.11634518634,94168.919051055,92.19729413134337,2.583761272626568,43594848822.05504,101033.24653744219,89022.96932884614,0.056997505997674586
2025-01-11,92367.35844390381,61847243420.93672,2.965005736816728,-1.4486899562580535,-2.885789203067035,2.0837088106171686,93869.011415293,94039.26623701314,-170.25482172014017,2.8987533578025984,47481716037.76953,101033.24653744219,89022.96932884614,0.27846060977377
2025-01-12,92212.77271884044,17393758818.222515,-0.16735969033612186,0.13031171494257698,-3.2278062910347183,1.0241416785481183,93429.62166840711,93930.40960068633,-500.78793227921415,2.8903130033050948,47060070191.8087,101033.24653744219,89022.96932884614,0.2655894892843337
2025-01-13,92206.74734905403,19142239999.759304,-0.006534203027142027,2.7859671394030228,-3.402481466109164,2.6698190300741054,92965.64679666678,93788.1595706858,-822.5127740190219,2.8847984942669735,47013700177.215836,101033.24653744219,89022.96932884614,0.26508780479514493
2025-01-14,92008.0407989071,74349899913.66394,-0.21550109494126168,-0.3890093330047306,-6.540736488684695,3.353147499533815,92045.76496473911,93637.70534609345,-1591.9403813543468,2.4317505273677273,51291485259.560875,101033.24653744219,89022.96932884614,0.2485430950689852
2025-01-15,93716.54730328196,49725536732.25472,1.8569099934526045,1.6307660426029935,-0.009173531536554869,3.73083576974258,92044.53669248862,93440.54680640952,-1396.0101139209,1.9172084276017587,50024718314.4161,101033.24653744219,89022.96932884614,0.3907968061783377
2025-01-16,97450.21502883722,55992350634.17684,3.9840005132418144,5.686642063116865,5.817449360049509,6.878819983393414,92809.88668841448,93326.99576747307,-517.1090790585877,2.2377346886112464,48914211303.583,101033.24653744219,89022.96932884614,0.70166954131246
2025-01-17,97121.77688445612,48684967252.81512,-0.3370317287487823,5.557923026233769,8.264916119162447,2.9670696121826268,93869.06550389725,93196.61344570688,672.4520581903635,1.7783075642538093,46733713824.54702,98447.21362240084,89022.96932884614,0.8593588306225046
2025-01-18,101102.3272998042,67105172405.15364,4.098514816181398,7.880977489088092,9.456770230367994,6.298078573034127,95116.91819759729,93334.9203325529,1781.9978650443954,2.0075134332731364,47484846536.57801,101102.3272998042,89022.96932884614,1.0
2025-01-19,101591.65870898607,48117289337.80592,0.4839961870816589,4.2498045580744215,10.170918532882789,6.614814693587667,96456.75905333238,93574.31809098802,2882.4409623443644,1.9412942602344911,51873922325.08992,101591.65870898607,89022.96932884614,1.0
2025-01-20,98556.60072240025,71011425613.07835,-2.9875070701226303,1.4773451268824234,6.886538735943559,3.2497440656874987,97363.88096381041,93737.85717718778,3626.023786622638,2.538666787750352,59283805984.135506,101591.65870898607,89022.96932884614,0.7585223172607336
2025-01-21,97645.26157169124,115294265832.0421,-0.924686062657476,-3.4193730455497118,6.126878394362145,-0.8146010650799451,98169.19821706529,93886.18442612747,4283.0137909378245,2.6076959537172493,65133001115.33239,101591.65870898607,89022.96932884614,0.6860136313392691
2025-01-22,101985.06536315338,91575520960.48799,4.444459179696958,0.3872430661795212,8.822900862014427,8.812917958884858,99350.4150827612,94247.6559483074,5102.759134453809,2.932135240055308,71111570290.79428,101985.06536315338,89022.96932884614,1.0
2025-01-23,99609.01415196357,52873192200.796974,-2.329803096883898,1.0678264285185701,2.215284104285997,8.161606495283568,99658.81495749355,94535.77324336422,5123.041714129329,2.92264289386611,70665976228.88287,101985.06536315338,89022.96932884614,0.8166923617213578
2025-01-24,99919.47498097445,98371362008.19136,0.3116794515577226,2.3290566000619295,2.880608434343923,11.383604424326421,100058.48611413901,94703.55376115926,5354.932352979755,2.9074836815579546,77764032622.50804,101985.06536315338,89022.96932884614,0.8406437989109281
2025-01-25,99809.812746175,48953975419.69522,-0.10975061150024779,-2.132912901739714,-1.2784221571838117,8.057450627205176,99873.84117790627,94845.76684745634,5028.074330449934,2.419654189019402,75171004481.72827,101985.06536315338,89022.96932884614,0.8321835750004426
2025-01-26,99781.96941034772,21652691281.13734,-0.02789639120762688,0.17363414331186267,-1.78133650108252,8.208403747478666,99615.31413524367,95111.72113474777,4503.593000495894,2.4046784953038274,71390347616.48991,101985.06536315338,89022.96932884614,0.8300355168658955
2025-01-27,97969.49640323251,19717486816.31033,-1.8164333875407057,-1.95155006380211,-0.595702687455113,6.2498127521658065,99531.44208964826,95361.30509796954,4170.136991678723,2.2142116715920204,64062642074.094475,101985.06536315338,89022.96932884614,0.6902068192294886
2025-01-28,97617.99553077694,89224382315.7508,-0.35878603581753765,-2.1959937155398124,-0.027923567898147095,6.097243983415512,99527.54694094622,95572.63971177275,3954.9072291734774,2.187749441290893,60338373000.33857,101985.06536315338,89022.96932884614,0.6630892240870644
2025-01-29,97146.00300878198,43897527965.19403,-0.48350974574781214,-2.641726172717118,-4.744873513725012,3.659391862145478,98836.25231889318,95817.20616782173,3019.046151071452,0.9906685647709382,53527231143.868004,101985.06536315338,89022.96932884614,0.6266759371660505
2025-01-30,99490.25288909503,45491820591.20409,2.413120259925816,1.5522754956331042,-0.11922742522815222,2.0934154528588156,98819.28642419765,96166.11561983003,2653.170804367619,1.2645370915621765,52472749485.35474,101985.06536315338,89707.52517607683,0.7967986717172869
2025-01-31,100807.15070257561,40524861755.971855,1.3236450559117374,3.266974654066934,0.8883910987024235,3.7945906019655196,98946.09724156924,96514.82429312017,2431.27294844907,1.3615931396313097,44208963735.03767,101985.06536315338,89707.52517607683,0.9040593927912655
2025-02-01,98810.37474956374,35890373403.29528,-1.980788008683254,1.7132683684693673,-1.0013424222655498,-2.2669631960538394,98803.32038491049,96769.22915792977,2034.0912269807159,1.5831242770219522,42342734875.551956,101985.06536315338,89707.52517607683,0.74142291002791
2025-02-02,97148.35116450538,22028164780.465324,-1.6820334800579206,-2.3539006652242067,-2.639372886109048,-4.373693274571632,98427.08920693303,96863.4027449204,1563.686462012629,1.6850043369693917,42396373946.88453,101985.06536315338,89707.52517607683,0.6060518536327686
2025-02-03,95191.74747620497,58328009952.34803,-2.0140369495177723,-5.570441369718404,-2.835320205785896,-3.4141328145771865,98030.26793164338,96866.05789568866,1164.2100359547185,1.714683735834111,47912162966.31848,101985.06536315338,89707.52517607683,0.44668738334905883
2025-02-04,98238.89542734591,118277566881.95631,3.201063150881467,-0.5783596344677844,0.6360506515145747,0.6079494755808712,98118.96791686754,96964.40437836546,1154.5635385020723,2.190073285586674,52062617904.34785,101985.06536315338,89707.52517607683,0.6948761821402367
2025-02-05,94583.32997010817,70559489403.79514,-3.721097882193991,-2.6403136683748274,-2.637960347624535,-7.25766597951254,97752.87176848554,96935.3629956612,817.5087728243379,2.6335356087126853,55871469538.433716,101985.06536315338,89707.52517607683,0.3971320573777195
2025-02-06,92866.57050977692,46969348690.01478,-1.8150761459485576,-2.4426245216364606,-6.657619401874215,-6.7689091189080175,96806.63142858296,96749.34155857374,57.28987000921916,2.3649696642631346,56082544981.12096,101985.06536315338,89707.52517607683,0.25730278912263993
2025-02-07,93047.15238417375,42811210713.70183,0.1944530452729687,-5.284814146767147,-7.697864947395638,-6.877860995676022,95698.06024023982,96726.74179774501,-1028.6815575051878,2.2175167072795574,56409166260.79667,101985.06536315338,89707.52517607683,0.2720110997162317
2025-02-08,93460.28168051473,55246326541.21579,0.4439999352535251,-1.1873638726278335,-5.414505392383029,-6.3616300751987875,94933.7612303757,96772.32568518362,-1838.5644548079144,2.249218488937072,59174302423.35674,101985.06536315338,89707.52517607683,0.3056602908445852
2025-02-09,93491.74111451581,20101527550.06695,0.03366075239172872,0.6731923030075304,-3.7639445303581875,-6.303972885084786,94411.38836609146,96898.46621646493,-2487.0778503734764,2.226686274128601,58899068533.29984,101985.06536315338,92008.0407989071,0.14871170317909327
2025-02-10,93615.43283429353,24683720652.739605,0.13230229569285434,0.6107445908430043,-1.6559362378608111,-4.444305348899713,94186.20056010412,96940.06869614459,-2753.8681360404735,2.133336312391054,54092741490.498634,101985.06536315338,92008.0407989071,0.16110935931206347
2025-02-11,94540.70775357632,35967201183.652016,0.9883786158641161,1.156026981338365,-3.7644841767430437,-3.1523775513608188,93657.88803527989,97017.66653063578,-3359.7784953558876,1.6517519340613325,42334117819.3123,101985.06536315338,92008.0407989071,0.25384992673520185
2025-02-12,92364.09002872088,35169152309.51518,-2.302307415054339,-1.2061504816919588,-2.346333061109873,-4.922398072959123,93340.85375793885,97022.91128662467,-3682.057528685822,1.2283891158885616,37278355377.27231,101985.06536315338,92008.0407989071,0.03568691522417647
2025-02-13,94159.60243133068,45345060417.53029,1.943950730258348,0.5812819324356289,1.39235455175728,-5.357962516897608,93525.5726038751,97094.63000770548,-3569.057403830375,1.292033050906359,37046314195.48881,101985.06536315338,92364.09002872088,0.18662477973349
2025-02-14,92307.8330149462,27803118074.9089,-1.9666283295269427,-2.361813013342562,-0.7945642078062143,-8.431264675564588,93419.95555112833,97047.67286476094,-3627.7173136326164,1.5310359206996396,34902300961.375534,101985.06536315338,92307.8330149462,0.0
2025-02-15,92877.17882262533,30762562056.52655,0.6167903514612272,0.5555067924611246,-0.6239044516072489,-6.004628503814679,93336.65514285839,96895.23832455388,-3558.5831816954887,1.5426885921156326,31404620320.705647,101985.06536315338,92307.8330149462,0.05883353702720658
2025-02-16,92999.09216728156,13549366629.015766,0.13126297137970866,-1.2324927400744534,-0.5269438148882255,-4.271054472347869,93266.27672182492,96757.81550064805,-3491.538778823131,1.5443180548791913,30468597331.984043,101985.06536315338,92307.8330149462,0.07143149275148136
2025-02-17,91660.71227155557,12998268229.018126,-1.439132215740968,-0.7010464033814334,-2.08803239333194,-3.7093921461333057,92987.03092714808,96443.09499970645,-3456.0640725583653,1.6230365961769093,28799246985.738117,101985.06536315338,91660.71227155557,0.0
2025-02-18,91341.52960606896,24151804942.897728,-0.3482218909024004,-1.6534193178812107,-3.383916011974586,-7.021013205892568,92530.00547750418,96101.42402960919,-3571.4185521050094,1.5231707168695081,27111333237.058933,101985.06536315338,91341.52960606896,0.0
2025-02-19,91405.03853150252,36669960823.07543,0.06952908026334192,-1.714052899475349,-1.03833805640281,-3.360308248409216,92392.99812075868,95863.03862324594,-3470.04050248726,1.2974794860709697,27325734453.28183,101985.06536315338,91341.52960606896,0.0059669011203621536
2025-02-20,92663.03435451942,26586588698.590363,1.3762871754420036,1.0935133037089484,-1.589395067701871,-0.2191705305151559,92179.20268121421,95696.96438267356,-3517.7617014593416,1.155345586599713,24645952779.147552,101985.06536315338,91341.52960606896,0.12416031463706573
2025-02-21,93680.66155266784,23019466870.297886,1.0982018938156868,2.560863559748694,1.4872286488399666,0.6808474545018317,92375.32104374588,95420.15092232403,-3044.8298785781517,0.9461866384067048,23962574035.63169,100807.15070257561,91341.52960606896,0.24711869646484672
2025-02-22,91867.90813457828,40591982881.57605,-1.9350348172663345,0.5063939696455799,-1.086672421407775,-1.7037970754034681,92231.13951688202,95162.11405507785,-2930.9745381958346,1.2180834862855732,25366777010.638767,100807.15070257561,91341.52960606896,0.05560950762159508
2025-02-23,92326.33967418694,17654086229.023674,0.49901162322876225,-0.3633538256952895,-0.7233968390621626,-1.2465287590498475,92135.0320178685,94909.0095448516,-2773.977526983086,1.239949444665264,25953165524.925606,100807.15070257561,91341.52960606896,0.10404072359091454
2025-02-24,91955.06321410212,15887599947.758493,-0.4021349285534659,-1.8420005900530279,0.3211309788587524,-1.7736067333367966,92177.082152518,94647.18456044917,-2470.102407931161,1.1077845205662153,26365927199.031376,100807.15070257561,91341.52960606896,0.06481704705669973
2025-02-25,87363.06196029286,43529854554.91956,-4.993744872011607,-4.903612442863303,-4.3555956014029285,-7.592121916404782,91608.72963169286,94233.22097878068,-2624.4913470878237,2.220024608239779,29134220000.74878,100807.15070257561,87363.06196029286,0.0
2025-02-26,84371.1455747451,91963279462.02293,-3.424692677218222,-8.616386317832102,-7.695301123179565,-8.653735939465601,90603.88778072751,93779.9426178311,-3176.054837103584,2.424517437129745,37033265520.59843,100807.15070257561,84371.1455747451,0.0
2025-02-27,79980.88889487673,66041274170.92765,-5.203504883051524,-13.021767264022765,-13.68630495211508,-15.058170563957407,88792.15271506427,93192.0390633011,-4399.886348236832,2.5702560947886264,42669649159.503746,100807.15070257561,79980.88889487673,0.0
2025-02-28,81478.67683320756,78866918119.55017,1.8726822857638714,-6.73555275541945,-13.025083851057396,-11.731567980785783,87049.01204085567,92669.79485744862,-5620.782816592953,2.7395408341158882,50647856480.8255,100807.15070257561,79980.88889487673,0.07191823247785839
2025-03-01,81363.99392410876,77753895780.04224,-0.14075205140304803,-3.564194405742993,-11.433714366372882,-12.396139767018743,85548.45286793144,92065.58622528242,-6517.133357350976,2.822872469955201,55956701180.606384,100807.15070257561,79980.88889487673,0.06641158370153272
2025-03-02,82870.36470479147,29517848118.99582,1.8513972926252453,3.612707797874748,-10.241903884378956,-10.891211114481747,84197.59930087495,91467.6933586896,-7270.094057814655,3.0355080396884313,57651524307.745255,98810.37474956374,79980.88889487673,0.15345484376013907
2025-03-03,90504.07964230444,59393284606.309525,9.211634297383032,11.077011998577868,-1.5779267841068312,-1.2618630169755618,83990.31593347527,91190.81685511429,-7200.500921639017,5.090078580508185,63866622116.109695,98238.89542734591,79980.88889487673,0.5763603342300136
2025-03-04,82148.33613319772,65542774447.49896,-9.232449567059053,0.9639917748144766,-5.9690282255277065,-10.064637096093055,83245.35510103311,90690.81635407072,-7445.4612530376035,5.946789825510688,67011324957.90675,98238.89542734591,79980.88889487673,0.11871215154110651
2025-03-05,82166.1907294557,61982490114.74346,0.021734580514243262,-0.849729547883904,-2.6133992021431185,-10.107591387166991,82930.36155170605,90256.63112917906,-7326.269577473009,5.8273652990321025,62728355051.15254,98238.89542734591,79980.88889487673,0.1196900565619109
2025-03-06,83930.00317170189,47805194333.47448,2.146640152826107,-7.2638454493819555,4.937572376840804,-9.424503788000116,83494.52073410965,89779.66805399093,-6285.147319881275,5.430829023036609,60123200788.65923,94583.32997010817,79980.88889487673,0.27044206215107547
2025-03-07,83424.90851265508,44080812249.649994,-0.6018046466809923,1.553984462189817,2.3886392797364486,-10.94756684040592,83772.55383117357,89407.72067207583,-5635.166840902253,5.431323386131817,55153757092.95921,94540.70775357632,79980.88889487673,0.23654275174725298
2025-03-08,80085.80174525376,58344412992.95775,-4.002529732345817,-2.5319282368242324,-1.5709555507405604,-12.825051346619087,83589.95494848001,88981.69504659172,-5391.74009811171,5.6929576118229015,52380973837.66143,94540.70775357632,79980.88889487673,0.007205642556078044
2025-03-09,79526.42694984918,17364632609.425117,-0.69846937061816,-5.2467247175530085,-4.035143041610089,-13.86377145407014,83112.24955491684,88531.00419878091,-5418.754643864071,5.629519170426286,50644800193.437035,94540.70775357632,79526.42694984918,0.0
2025-03-10,74356.456240904,29478264600.33096,-6.500946801250684,-10.870197442740325,-17.841873499205818,-19.138268582582217,80805.44621185961,87894.21001746056,-7088.7638056009455,4.043983973097065,46371225906.86867,94540.70775357632,74356.456240904,0.0
2025-03-11,72665.18583424798,46101709267.5384,-2.2745441245566433,-9.265832081709235,-11.543934722638182,-16.82390222623512,79450.71045486678,87199.99150811828,-7749.2810532514995,2.8475406733021167,43593930881.16002,94540.70775357632,72665.18583424798,0.0
2025-03-12,75856.73401738856,51675173731.16644,4.392128288807551,-4.614432048826734,-7.678896461005424,-10.091615444303226,78549.35949600006,86608.03488088812,-8058.675384888062,3.6534082522096334,42121457112.07759,94540.70775357632,72665.18583424798,0.14589586456086576
2025-03-13,77065.46321665138,38385795856.06682,1.5934369109349422,3.643270689192879,-8.17888680524318,-3.6451528840311553,77568.71093099285,86025.52672965729,-8456.815798664436,3.577241169547435,40775828758.16222,94159.60243133068,72665.18583424798,0.20471722796145186
2025-03-14,74718.5256245086,30020111086.352417,-3.0453818016313083,2.8257545435091513,-10.43619111290457,-8.296834793399322,76324.94194697193,85437.34124951687,-9112.399302544945,3.6329289885996627,38767157163.40541,94159.60243133068,72665.18583424798,0.09552898451495118
2025-03-15,76880.29832202969,26158622130.49084,2.8932218341471083,1.3493387474426521,-4.002586417777909,-5.510663115015202,75867.01288651135,84861.3644458735,-8994.351559362156,3.7750332764969743,34169187040.195854,93680.66155266784,72665.18583424798,0.20057183307476603
2025-03-16,77306.5864689375,9858289533.443966,0.5544829510444993,0.3128810782701219,-2.7913243006775,-6.7138334140000255,75549.89281780968,84361.32289433989,-8811.430076530203,3.7948177053653036,33096852315.05569,93680.66155266784,72665.18583424798,0.2208563202126982
2025-03-17,75910.64859205775,19883122353.577938,-1.8057166156736804,1.5954851324824881,2.0901915310735264,-16.12461129699755,75771.92029654593,83795.77188665429,-8023.851590108359,2.812347622268208,31726117708.376686,93680.66155266784,72665.18583424798,0.1544320386221453
2025-03-18,76998.99430074666,18004696367.719547,1.4337194173345225,0.15439063233053663,5.964078143809148,-6.26834586655749,76391.03579176003,83262.43529110313,-6871.399499343097,2.579676830353921,27712258722.688282,93680.66155266784,72665.18583424798,0.2062198602861101
2025-03-19,75664.50740632173,22446675201.252983,-1.7331224992532035,-2.124112753672769,-0.2534074443842571,-7.912845010110936,76363.57484732191,82729.228462262,-6365.653614940093,2.1912608388435704,23536758932.700645,93680.66155266784,72665.18583424798,0.14271966108503908
2025-03-20,79563.22640741953,31041751010.551956,5.1526391101200275,4.811680420477837,3.2410928144897877,-5.202879303303398,76720.39816028878,82336.61835564036,-5616.220195351576,2.9189581391491943,22487609669.055664,93680.66155266784,72665.18583424798,0.32823623246013317
2025-03-21,77616.22788391747,25401286677.84479,-2.4471085593387842,0.8016125259506346,3.8781577061236527,-6.962765356651801,77134.35562591862,81876.99133405418,-4742.635708135567,2.80461100002318,21827777610.69743,93680.66155266784,72665.18583424798,0.23559029145982868
2025-03-22,77238.36456464554,16632869974.859978,-0.4868354589932622,2.0800467911224585,0.4657451264249879,-3.5554831425246625,77185.5079462923,81362.83567439172,-4177.3277280994225,2.62483682816136,20466955874.178738,93680.66155266784,72665.18583424798,0.2176100504062924
2025-03-23,77054.9020489095,7146203344.261898,-0.23752770630259823,-3.152617700123983,-0.32556659338351945,-3.1078032746250095,77149.55302914546,80808.64369093311,-3659.0906617876462,2.618814644537435,20079514990.00987,92326.33967418694,72665.18583424798,0.22326849433141638
2025-03-24,79173.13362279187,11644721061.658821,2.7489900286134183,2.0059023497030815,4.297796279236965,6.477819984161903,77615.62231925034,80385.48454054024,-2769.8622212899063,2.6659319016382765,18902600519.73571,92326.33967418694,72665.18583424798,0.33100538460382084
2025-03-25,80835.78627103886,25243571884.83596,2.1000212725802214,4.657558101689752,4.9829117966219805,11.244174693818753,78163.7354578635,80002.46609376864,-1838.7306359051436,2.710804967397188,19936725593.609486,91955.06321410212,72665.18583424798,0.42356932995976665
2025-03-26,81135.60723634843,28137545322.20345,0.3709012791739186,5.295841119684708,7.2307347494468655,6.9590040849238255,78945.32114786732,79641.81756117684,-696.49641330952,2.5009373396438064,20749707039.459553,90504.07964230444,72665.18583424798,0.47482884831541555
2025-03-27,80937.68581120633,23755086490.352287,-0.24393904462383098,2.228725967600842,1.72750586652759,5.024588749527292,79141.67249126543,79427.63835620727,-285.9658649418416,1.7311221197289364,19708754965.145313,90504.07964230444,72665.18583424798,0.46373391007139136
2025-03-28,80762.24789260485,22795651819.113136,-0.21675677633125057,-0.09097255290798634,4.053301860266334,8.088653004836367,79591.10392107791,79307.34176680262,283.7621542752895,1.302484850254977,19336521413.897934,90504.07964230444,72665.18583424798,0.45389933621893347
2025-03-29,77568.36316913941,29124626741.441013,-3.9546753672737855,-4.396644320190535,0.4272470117070881,0.894982020266899,79638.24657886275,79226.92424261136,411.3223362513818,2.154879752786955,21121058094.83808,90504.07964230444,72665.18583424798,0.2748588218332821
2025-03-30,76023.3338049204,15481991871.741638,-1.9918292730375708,-6.071772323400815,-1.338744475120246,-1.6599525637220114,79490.87968686431,79045.0794750018,445.8002118625154,2.2955230058501206,22311885027.335186,90504.07964230444,72665.18583424798,0.1882486664703281
2025-03-31,76084.44855188446,12406278079.740501,0.08038945926902574,-5.792061839265273,-3.901178252742865,0.22895333270132046,79049.63896244895,78869.09462926099,180.5443331879651,1.9210877210449722,22420678887.06114,90504.07964230444,72665.18583424798,0.19167459341521834
2025-04-01,76278.00851198542,28034219731.991753,0.254401475971755,-1.6635063632068015,-5.638316851117664,-0.9363574100009431,78398.52785401276,78649.34942283412,-250.82156882135314,1.5957336881995041,22819342865.226254,90504.07964230444,72665.18583424798,0.2025250397592368
2025-04-02,78934.69418981239,27015709772.198242,3.4828985832915826,3.829561582188279,-2.7126352060504844,4.321956086926737,78084.11170450761,78263.7032410844,-179.5915365767869,2.2714590706148274,22659080643.796936,83930.00317170189,72665.18583424798,0.5565565927748506
2025-04-03,75695.38008538041,42497745724.85922,-4.103790022474119,-0.5113639829284256,-6.476965177944449,-4.861349264838788,77335.21088653247,78048.60470615714,-713.3938196246745,2.669414537092939,25336603391.583645,83930.00317170189,72665.18583424798,0.26899630596383206
2025-04-04,75301.41469668013,33134714078.222084,-0.5204616031465936,-1.280308485180015,-6.761616149152216,-2.9823830020435427,76555.09185854324,77819.77883839796,-1264.6869798547268,2.6585000377276367,26813612285.742065,83930.00317170189,72665.18583424798,0.23402322323213076
2025-04-05,76509.59045578145,32525870151.41095,1.6044529362003956,-3.0722912895555843,-1.3649543062411729,-0.9435390210186689,76403.8386137778,77572.43174786727,-1168.593134089475,2.4376132362453684,27299504201.452053,83424.90851265508,72665.18583424798,0.3572958835870857
2025-04-06,76275.89538369751,13604785766.820145,-0.3054454620548541,0.766909813600658,0.33221586865053165,-1.0109761280567509,76439.9188393174,77334.13131023535,-894.2124709179479,2.3074755649000447,27031331900.748985,81135.60723634843,72665.18583424798,0.4262727175007099
2025-04-07,71140.69619728561,32873070287.675728,-6.732401056165715,-5.525418766903945,-6.497717271654468,-10.145407991270828,75733.66850294614,77035.96112530309,-1302.292622356952,3.454306134329078,29955159359.025448,81135.60723634843,71140.69619728561,0.0
2025-04-08,72531.24053020743,75948479896.525,1.9546397593096287,-5.199805543166902,-4.911989779058357,-10.27335308273819,75198.4159341207,76802.78824464836,-1604.3723105276586,3.6057043008596334,36800053668.244484,81135.60723634843,71140.69619728561,0.13912523358008902
2025-04-09,69491.45411311415,43529670306.07511,-4.191002931801913,-8.894607184163462,-11.963358031121663,-14.351470975394076,73849.38163744952,76640.62150705536,-2791.239869605837,3.2888214484962175,39159190887.36974,81135.60723634843,69491.45411311415,0.0
2025-04-10,75456.1842213969,79827130703.2608,8.583400915130834,6.0661312789850985,-0.3159979693789894,-6.772496068883749,73815.2107997376,76733.65478662701,-2918.4439868894115,4.88708296094381,44491960169.99854,81135.60723634843,69491.45411311415,0.5122510881775485
2025-04-11,70705.92178772751,36610217234.14259,-6.295391799473449,-2.516596612903277,-6.102797573543106,-12.451765976412565,73158.71181274437,76561.96104563828,-3403.2492328939115,5.455074707478172,44988460620.84432,81135.60723634843,69491.45411311415,0.10429849743130414
2025-04-12,73506.17467970919,35073920612.903015,3.9604220144227487,5.777286743863663,-3.9255415669857463,-5.236914024565065,72729.65241616261,76443.31809440689,-3713.6656782442733,5.693379337107043,45352467829.62891,81135.60723634843,69491.45411311415,0.3447842470041236
2025-04-13,75105.76393736854,19747259386.40449,2.176129100214075,-0.464402338448755,-1.5340776275948764,-1.2069582082606334,72562.49078097276,76456.22603816888,-3893.7352571961237,5.779204781389749,46229964060.9981,81135.60723634843,69491.45411311415,0.48215699027968134
2025-04-14,73716.10993431724,25334043606.42295,-1.8502627896976653,4.257335270483975,3.620169431417364,-3.112776214645463,72930.40702912014,76350.7530919118,-3420.3460627916647,5.096527658183872,45152960249.390564,81135.60723634843,69491.45411311415,0.3628134890096372
2025-04-15,74558.64458346224,29246734489.573288,1.1429450765860105,1.43181155642913,2.79521491488961,-2.2540755350908492,73220.0361795851,76259.15502906263,-3039.118849477527,5.0702592478177255,38481282334.11175,81135.60723634843,69491.45411311415,0.43517037406844356
2025-04-16,74064.18809036232,22208387747.717083,-0.6631779532236703,-1.3868121331869987,6.580282475892574,-6.1702983072792765,73873.28389062057,76197.60634567279,-2324.3224550522136,4.686652389365493,35435384825.77489,81135.60723634843,69491.45411311415,0.3927064449301965
2025-04-17,73774.73011218943,23637965103.479088,-0.39082042973284103,0.07952152918055955,-2.2283847593908335,-2.5373410781801886,73633.07616073379,76090.13087272087,-2457.0547119870753,3.2875539328023695,27408361168.663216,81135.60723634843,69491.45411311415,0.3678477905386354
2025-04-18,74681.53145996567,16991841935.412195,1.2291489869190597,0.16481908595571415,5.622739328925941,-0.8232026439495166,74201.02039962495,76057.36500784234,-1856.3446082173905,1.9479310355568593,24605736125.98745,81135.60723634843,69491.45411311415,0.4457239003921591
2025-04-19,74244.36963512853,8398123400.673945,-0.5853680505621184,0.24327755344644153,1.0042625107834935,-2.960701798504717,74306.47682182772,75880.06978209931,-1573.5929602715914,1.3994792817003237,20794907952.811863,81135.60723634843,69491.45411311415,0.4081804380028813
2025-04-20,74853.6619460574,11111085674.290504,0.8206579353063681,1.462468018828722,-0.33566264171331905,-1.864590943817468,74270.4622516404,75787.98425083731,-1517.521999196906,1.1428541033259214,19561168851.08129,81135.60723634843,69491.45411311415,0.46050646845614884
2025-04-21,74302.9027027906,11027412024.104372,-0.7357812950603559,-0.5069911526627502,0.7960170022484947,4.445003597850139,74354.28978999374,75690.1355221088,-1335.8457321150636,0.9010816577967886,17517364339.321495,81135.60723634843,69491.45411311415,0.4132072585060633
2025-04-22,75967.75672781939,34807989606.85384,2.2406312061429956,2.3212360764329754,1.8899379840251251,4.737980727326363,74555.5915249019,75653.89734473915,-1098.3058198372455,1.165993293830997,18311829356.075863,81135.60723634843,69491.45411311415,0.5561849407306991
2025-04-23,82373.97591522612,47396459660.886185,8.432813424199459,10.046688129417337,11.219710954942762,18.53828210464925,75742.70407131103,75760.59208782027,-17.888016509241425,3.215396246259256,21910125343.671448,82373.97591522612,69491.45411311415,1.0
2025-04-24,82601.28894076985,35210733574.36264,0.27595247530320943,11.168320396812149,11.964203481541524,9.4692102351855,77003.64104682252,75819.44217681131,1184.1988700112124,3.156865896804596,23563377982.3691,82601.28894076985,69491.45411311415,1.0
2025-04-25,82541.33295031555,26406144933.3151,-0.07258481220225876,8.653113512418509,10.524424629084184,16.738924920772803,78126.4698311582,75866.29970061021,2260.1701305479946,3.224658902410213,24908278410.640938,82601.28894076985,69491.45411311415,0.9954266402862819
2025-04-26,83097.06460724253,34489966758.14964,0.6732768142495127,0.8778120565171799,11.923725685355357,13.047733703085541,79391.14054146022,75938.27899381141,3452.861547648805,3.1236577310115505,28635684604.566044,83097.06460724253,69491.45411311415,1.0
2025-04-27,83069.09705400318,13556421207.711283,-0.033656487592592654,0.5663448103924607,10.975328252966655,10.602825534502713,80564.7741283096,76015.17396585803,4549.600162451563,3.1782277863899244,28985018252.19758,83097.06460724253,69491.45411311415,0.9979444102672633
2025-04-28,82671.16752167573,14035302743.413506,-0.4790343779333073,0.15729643164150708,11.262365956762066,12.148033306881834,81760.24053100748,76185.26744427592,5574.973086731567,3.148932245316941,29414716926.3846,83097.06460724253,69491.45411311415,0.9686969514708215
2025-04-29,83297.36753699004,27973479858.648018,0.7574587780559972,0.24104693793245424,9.64831808240898,11.72060329469311,82807.32778946043,76427.7352353449,6379.59255411553,3.146716573836508,28438358390.92663,83297.36753699004,69491.45411311415,1.0
2025-04-30,82775.55785512735,22730021930.2271,-0.6264419840530611,-0.35336750884026324,0.4875106918652339,11.761918937309733,82864.69663801776,76650.77221211964,6213.92442589812,0.5317425223325812,24914581572.261044,83297.36753699004,69491.45411311415,0.962203900180898
2025-05-01,83211.48947370166,23436692956.974636,0.5266429243971693,0.6535796798615046,0.7387300376987538,12.791316684129828,82951.86814272229,76881.88824417688,6069.979898545411,0.5557686916678071,23232575769.77704,83297.36753699004,69491.45411311415,0.9937796174253948
2025-05-02,85360.41042729841,26740764839.3788,2.582481057830255,2.4767203950259553,3.4153524982202033,14.299223326797117,83354.59349657698,77096.0787854264,6258.514711150579,1.0758336533787534,23280378613.500427,85360.41042729841,69491.45411311415,1.0
2025-05-03,85692.96390690545,20593773835.41544,0.38958748902722107,3.524477668739001,3.123936220770762,15.420151491676283,83725.4362536717,77429.33157947725,6296.104674194445,1.0729345095696512,21295208195.96697,85692.96390690545,69491.45411311415,1.0
2025-05-04,84867.75783817313,12207386665.60798,-0.9629799590416876,1.9904323008121727,2.165258619581034,13.378231113572369,83982.38779426739,77748.20968419366,6234.178110073728,1.1928669826904432,21102488975.666496,85692.96390690545,69491.45411311415,0.949066100676089
2025-05-05,83301.34777648957,13161186323.241226,-1.8457068992801862,-2.4121986299053155,0.7622733217703903,12.110489289620997,84072.4135449551,77974.60159488395,6097.811950071147,1.4319087511851383,20977615201.35617,85692.96390690545,69491.45411311415,0.8523831321367101
2025-05-06,83747.75363656445,21287585972.22028,0.5358927220153298,-2.269976648787908,0.5406966785287626,10.241182896343215,84136.75441632284,78223.66353664617,5913.090879676674,1.4177785354226746,20022487503.295067,85692.96390690545,69491.45411311415,0.8799364815317123
2025-05-07,85389.76418218843,20584320271.92017,1.9606621960867487,0.6150820491931386,3.1581862989512377,3.661093486692879,84510.21246304587,78698.63246947626,5811.579993569612,1.5336812186183901,19715958694.965508,85692.96390690545,69491.45411311415,0.9812857117283469
2025-05-08,85813.62701717633,56936541480.0631,0.49638600018093726,3.015892668900877,3.127137321940454,3.888968462356468,84881.94639782797,79141.37868570857,5740.567712119402,1.533489019967828,24501651341.121,85813.62701717633,69491.45411311415,1.0
2025-05-09,91820.34626450922,44557858509.5604,6.99972656572434,9.63917511504484,7.567835961511404,11.241656734304284,85804.79437457236,79885.67509075507,5919.1192838172865,2.8770806284914245,27046950436.861233,91820.34626450922,70705.92178772751,1.0
2025-05-10,91518.25408513607,36265875434.739975,-0.3290035288071258,7.177077910499707,6.797862873034766,10.13415999433458,86636.97868574817,80421.07741954637,6215.901266201792,2.9184241546933496,29285822093.90759,91820.34626450922,70705.92178772751,0.985692615978932
2025-05-11,93001.15706528649,19162710519.216732,1.620335740639156,8.37574438692763,9.583615066892914,11.95638373777732,87798.89286105009,81164.25192879835,6634.640932251743,2.7925019658200925,30279439787.28027,93001.15706528649,73506.17467970919,1.0
2025-05-12,92608.06379251336,24390648864.708145,-0.4226756797199638,0.8578899558219222,11.172347464287324,12.019784610193462,89128.42372048205,81800.98156589181,7327.442154590244,2.5636468655778697,31883648721.775547,93001.15706528649,73716.10993431724,0.9796166807317847
2025-05-13,92720.52109819837,38836571941.06072,0.12143359992597968,1.3136909407645447,10.714039567643274,11.312666702250551,90410.24764357261,82388.14013791947,8022.107505653141,2.5956020936294584,34390646717.32418,93001.15706528649,73716.10993431724,0.9854480020099378
2025-05-14,93135.41263308965,30270326016.516827,0.4474646280858252,0.14435902954295088,9.070933179268458,12.515596447074362,91516.76885084421,83035.45022787855,8481.318622965657,2.613058244027573,35774361823.69513,93135.41263308965,73774.73011218943,1.0
2025-05-15,92628.7485963221,25392234727.422962,-0.5440079368774331,0.0223358560385023,7.941770807312065,11.317258208190939,92490.35764786504,83637.78702830723,8852.57061955781,2.6931683781957854,31268032287.60368,93135.41263308965,73774.73011218943,0.9738302595365321
2025-05-16,92661.57709921524,28433454599.4388,0.035440943973252814,-0.0635716864885838,0.9161704011468874,8.553340635744998,92610.53348139448,84257.699995269,8352.833486125484,0.7417624337280232,28964546014.729164,93135.41263308965,73774.73011218943,0.9755258868914926
2025-05-17,92774.91969827427,23192784264.30744,0.12231887542522024,-0.38706322828627737,1.3731311044998362,8.26433754708551,92790.05714041421,84891.03964813848,7899.017492275729,0.714037406303712,27096961561.810234,93135.41263308965,74244.36963512853,0.9809172561380392
2025-05-18,92467.02874784663,16977184629.284098,-0.3318687328741077,-0.17458926189345414,-0.5743243786363816,8.954249650572699,92713.75309506567,85483.88955773451,7229.863537331155,0.3580506488576716,26784743577.534145,93135.41263308965,74244.36963512853,0.9646190056676512
2025-05-19,94801.88712185419,27488233462.701668,2.525071266618295,2.3098139376014126,2.3689333730765094,13.805946305001404,93027.15642782862,86169.14014062536,6858.016287203267,1.017093310844623,27227255662.96179,94801.88712185419,74302.9027027906,1.0
2025-05-20,94038.27749049061,38583891766.1232,-0.8054793575807961,1.36174495900947,1.4212133157627926,12.287522240397507,93215.40734101323,86808.6273254398,6406.780015573429,1.1066004938982918,27191158495.113575,94801.88712185419,74302.9027027906,0.9627489042504253
2025-05-21,94607.69454709173,32242987081.15188,0.6055162555042459,2.3150584897483784,1.5807971129114806,10.79512334199193,93425.73332872785,87485.45372024985,5940.279608477998,1.11391307216297,27472967218.632866,94801.88712185419,75967.75672781939,0.9896893262019696
2025-05-22,96787.03367900707,53591769889.59997,2.30355378846121,2.0939947689029292,4.489194926735829,12.787487306222722,94019.77405482567,88179.42961862274,5840.344436202926,1.2903117398026538,31501472241.801006,96787.03367900707,82373.97591522612,1.0
2025-05-23,98871.81662107036,46279243141.52141,2.1539899125098128,5.139969871384054,6.7020654258945545,7.679638166738978,94906.95112937641,88729.35764215089,6177.593487225517,1.3717582769759578,34050870604.955666,98871.81662107036,82541.33295031555,1.0
2025-05-24,94299.52598955427,43318043254.6442,-4.624463055068118,-0.3257330801820446,1.6433388422629536,3.039035143558233,95124.7520281307,89119.29887711038,6005.453151020309,2.528397637807179,36925907603.5752,98871.81662107036,82541.33295031555,0.7200149901435982
2025-05-25,94840.16453404156,23859902336.769535,0.5733205324353063,-2.011497894875347,2.5664670081120056,1.9774027837783592,95463.77142615854,89529.25992990125,5934.511496257284,2.5161459218385427,37909152990.35883,98871.81662107036,82671.16752167573,0.7511425584065359
2025-05-26,95724.25823928311,26074147044.01101,0.9321933482350886,-3.1834738041178867,0.9729459459423495,3.364927760234271,95595.5387286484,89950.1663843026,5645.3723443458,2.3579513461179378,37707140644.8316,98871.81662107036,82671.16752167573,0.8057140573518831
2025-05-27,96017.00847375012,24536358239.36782,0.3058265896772161,1.8213055327405359,2.1041761249397606,3.555294271977294,95878.21458339975,90381.7634316275,5496.451151772242,2.3189932381674203,35700350141.00941,98871.81662107036,82671.16752167573,0.8237843354420334
2025-05-28,96193.03467464032,34377377094.44574,0.1833281453861746,1.426473843909415,1.6756989324578475,3.2829854457147034,96104.69174447811,90832.49233672633,5272.199407751788,2.3158609966811703,36005263000.051384,98871.81662107036,82775.55785512735,0.8335773557456784
2025-05-29,95930.69199938081,26504393856.407967,-0.2727252302069938,0.21565459361583272,-0.8847690099340277,3.564706911294513,95982.35721881723,91253.60315213935,4728.7540666778805,2.1348102072444646,32135637852.452522,98871.81662107036,82775.55785512735,0.817278992313886
2025-05-30,92934.14789122343,33641626390.319233,-3.1236552616306756,-3.21074425409692,-6.005420890164537,0.2941572985708518,95134.11882883908,91592.2228200092,3541.8960088298772,2.135191382792882,30330264030.852215,98871.81662107036,83211.48947370166,0.6208464437574283
2025-05-31,91658.58275519268,34967656371.91563,-1.3725472982479614,-4.713908792653032,-2.8005901478806328,-1.2032744913303972,94756.84122393027,91873.7925960589,2883.048627871365,1.410721170103639,29137351619.033848,98871.81662107036,83301.34777648957,0.5367362448826835
2025-06-01,92254.81904703937,18006107749.73211,0.6504969572125763,-3.8318007258460796,-2.7260027433569145,-0.22949769629339034,94387.50615435853,92103.60621671694,2283.8999376415886,1.4198343703550127,28301095249.457073,98871.81662107036,83301.34777648957,0.5750290090761144
2025-06-02,93091.61394939375,15606120434.950588,0.9070473618594477,0.16943831922215935,-2.750237336191741,-1.8040497129156563,94011.41411294579,92350.2278847999,1661.186228145889,1.4159720223770913,26805662876.734158,98871.81662107036,83301.34777648957,0.6287714435979637
2025-06-03,92458.45138170451,22977221445.048325,-0.6801499521035703,0.8726609145246922,-3.706173675488411,-1.6799819721770803,93503.04881408213,92603.2510029176,899.7978111645207,1.384026953634862,26582929048.974224,98871.81662107036,83301.34777648957,0.5881071210262249
2025-06-04,92624.39931005353,22775745146.191383,0.17948378527770092,0.40060808403483694,-3.709868782762915,-2.096336081893424,92993.2437619983,92914.01938736973,79.2243746285676,1.3836975650348655,24925553056.36646,98871.81662107036,83747.75363656445,0.5869220250261389
2025-06-05,91782.99547751762,22603281123.64519,-0.9084040909343671,-1.405731855274872,-4.323638697289878,-5.1701534919287635,92400.71568744641,93181.86078206818,-781.1450946217665,1.3848353689972472,24368251237.400352,98871.81662107036,85389.76418218843,0.47420311738969734
2025-06-06,88768.23567996314,34679127696.538704,-3.2846604993328476,-3.9912151313315047,-4.482649602744903,-10.218868517233325,91805.58537155208,93294.47649866066,-1488.8911271085817,1.43379921534423,24516465709.717415,98871.81662107036,85813.62701717633,0.2262648002833198
2025-06-07,91583.53398020202,26224645983.386627,3.171515439812156,-1.1237485345165776,-0.08187861162015642,-2.8801756751705265,91794.864117982,93486.80673076151,-1691.942612779516,1.975399709017256,23267464225.641846,98871.81662107036,88768.23567996314,0.2786436132544466
2025-06-08,92699.01632209739,15569265566.109434,1.2179944291476064,0.9980289266154463,0.4814895087827731,-2.2576386517925373,91858.32087156172,93516.09573268113,-1657.774861119411,2.0175006094515764,22919343913.695747,98871.81662107036,88768.23567996314,0.3890482656640636
2025-06-09,92659.65345597634,14066258376.962126,-0.04246308934312548,4.383795336479324,-0.46401654788392754,-3.2014923277296603,91796.61222964493,93554.1423783758,-1757.5301487308607,1.9847613095189576,22699363619.697395,98871.81662107036,88768.23567996314,0.3851523334841271
2025-06-10,96512.94882868094,33456930040.24593,4.158547144292246,5.382424803070518,4.385210206731549,0.5165130249464189,92375.82615064157,93671.20210382229,-1295.3759531807154,2.5033693191540745,24196464847.58277,98871.81662107036,88768.23567996314,0.7665315093590049
2025-06-11,96361.52693604228,31741281585.766273,-0.15689282575692687,3.950970311506774,4.034711861913398,0.17516056331090546,92909.70152578282,93796.31754193992,-886.6160161571024,2.5169128265051364,25477255767.52204,98871.81662107036,88768.23567996314,0.7515445563646878
2025-06-12,94451.70230167847,26366993386.75073,-1.9819368736564535,1.9340120309790931,2.9076266363681214,-1.541727331344478,93290.9453578058,93854.02358205592,-563.0782242501155,2.6527334925534736,26014928947.96569,98871.81662107036,88768.23567996314,0.5625200267948258
2025-06-13,91371.68797049837,30921721115.295856,-3.260941048306931,-5.327016654841577,2.9328647467112834,-1.6812549059511128,93662.86711359654,93795.23275996954,-132.36564637300035,2.647191721829401,25478156579.21671,98871.81662107036,88768.23567996314,0.2576761947779209
2025-06-14,91818.27939606018,42833885123.462036,0.4887634621634662,-4.7147940515695375,0.2563183638544908,0.1742298823166788,93696.40217300484,93768.2171199608,-71.81494695595757,2.3656772594690536,27850905027.798916,98871.81662107036,88768.23567996314,0.3018774960952409
2025-06-15,91331.10846591568,15512710727.962366,-0.5305816372828009,-3.3039042809367536,-1.475644413991084,-1.0012599782486253,93500.98676497888,93723.86816551749,-222.88140053860843,2.3148489862584816,27842825765.206474,98871.81662107036,88768.23567996314,0.2536598460378821
2025-06-16,91393.09182931395,14345586556.814493,0.06786664964371081,0.023425044771507864,-1.3668965719412562,-1.8245704935389129,93320.04938974141,93677.80723655215,-357.75784681073856,2.3163909570286743,27882729790.89967,98871.81662107036,88768.23567996314,0.2597946376290588
2025-06-17,92573.8125207499,27781297510.638138,1.2919145942026589,0.8228569840986744,-4.081458867165432,0.12477078873962544,92757.31563146554,93681.36669564893,-924.0510641833971,1.5492103687676564,27071925143.81284,98871.81662107036,88768.23567996314,0.3766562432635606
2025-06-18,91181.14730101549,33624092519.300907,-1.504383563572309,-0.16419505622901065,-5.375983340804835,-1.5581769164373815,92017.2613978903,93560.67536828763,-1543.4139703973342,1.5709867286261472,27340898134.317787,98871.81662107036,88768.23567996314,0.23881746829336778
2025-06-19,91265.20040243817,26440540930.491585,0.09218254421081706,-0.13993555127189694,-3.373683926905424,-0.5641514230228739,91562.04684085597,93468.23946535256,-1906.192624496587,1.4995157377008692,27351404926.28077,98871.81662107036,88768.23567996314,0.24713660800359769
2025-06-20,90951.04911535523,15692657442.096397,-0.3442180433480435,-1.7529400174924548,-0.46036016679363856,2.4590028388778773,91501.95557583553,93346.35128429467,-1844.3957084591384,0.8714686842697454,25175824401.53799,98871.81662107036,88768.23567996314,0.21604354417661362
2025-06-21,89626.58016589316,26580558995.056885,-1.4562437292858665,-1.7049216654296373,-2.3869966248366348,-2.1367965716761916,91188.85568581165,93107.6695005242,-1918.8138147125574,0.9707736419518882,22853920668.908684,98871.81662107036,88768.23567996314,0.08495448207256683
2025-06-22,88101.53564109534,18781268673.403328,-1.7015538492878512,-3.466452434654732,-3.5361147795831216,-4.959578713356983,90727.48813940874,92748.66013452504,-2021.1719951162959,1.1011263458856593,23320857518.25739,96512.94882868094,88101.53564109534,0.0
2025-06-23,87680.63023736114,44588733871.03366,-0.47775036004918947,-3.5958011587597483,-4.062081189775501,-5.37345331318424,90197.1364834155,92528.0302761186,-2330.8937927031075,1.0725268957382577,27641307134.574413,96512.94882868094,87680.63023736114,0.0
2025-06-24,90967.48002838687,43117970965.27746,3.748661228971395,1.4960962027244396,-1.7351910314841734,-5.745828790432839,89967.66041307792,92398.94079259677,-2431.280379518852,1.884189135204381,29832260485.237175,96512.94882868094,87680.63023736114,0.3721389527610531
2025-06-25,91260.23231535252,27302134616.997044,0.32182081648770566,3.5852912792859293,0.08673395397840178,-5.2939121897431445,89978.95827226891,92250.13992846575,-2271.1816561968444,1.8038112981047787,28929123642.050907,96512.94882868094,87680.63023736114,0.405284528743034
2025-06-26,91826.10161533492,26089344033.341835,0.6200612091661339,4.727921511001387,0.6145838834774153,-2.779834161122252,90059.08701696845,92110.44303318525,-2051.3560162167996,1.8180115636001541,28878952656.7438,96512.94882868094,87680.63023736114,0.4693525641214817
2025-06-27,91494.4392664901,20799451483.12154,-0.36118526542069374,0.5792830997833454,0.5974534174373991,0.1343428130947455,90136.7141814163,91953.82318624691,-1817.1090048306069,1.8187161025693455,29608494662.604534,96512.94882868094,87680.63023736114,0.43180156939504893
2025-06-28,91359.7307954153,21495782102.643566,-0.14723132045483256,0.1090272044442564,1.933746246162893,-0.4994088363025506,90384.30712849088,91801.4578127814,-1417.150684290522,1.6952446123124252,28882097963.688347,96512.94882868094,87680.63023736114,0.41654980173268324
2025-06-29,91575.30873549124,7645420848.159079,0.23596604127336107,-0.27311720244235227,3.942920028712349,0.26737907124678717,90880.56042769029,91756.16317425699,-875.6027465666994,1.4582249620466199,27291262560.082027,96512.94882868094,87680.63023736114,0.4409576554402946
2025-06-30,92416.35354982484,12687250532.72955,0.918418759321793,1.0076178298109806,5.40110546610304,1.119626987149025,91557.09232947082,91781.42220074474,-224.3298712739197,1.385849560021407,22733907797.467155,96512.94882868094,87680.63023736114,0.5361812148757701
2025-07-01,90905.50115907795,19083051146.662636,-1.6348322918111502,-0.49718801969165227,-0.06813299575801901,-1.8021417896103231,91548.23820528385,91736.44493781269,-188.20673252883716,0.8378256263212117,19300347823.379322,96512.94882868094,87680.63023736114,0.3651216708697689
2025-07-02,89468.80739012624,21206466698.289635,-1.580425552506004,-2.300294014240767,-1.9629852782271695,-1.8779538989965983,91292.32035882294,91615.68471917043,-323.36436034749204,1.005270926131072,18429538120.706837,96512.94882868094,87680.63023736114,0.2024584070735945
2025-07-03,92222.83996635988,30842953755.191784,3.078204188220335,-0.20939322536743799,0.4320540064816525,1.0492932242508024,91348.99726611222,91607.8310053256,-258.8337392133835,1.615552963883364,19108625223.828255,96512.94882868094,87680.63023736114,0.5142714998372823
2025-07-04,93134.14475544491,25400679418.451313,0.988155200400942,2.4516047631341964,1.7921367703876978,2.4002973702049513,91583.24090739149,91624.82252017199,-41.58161278050102,1.6355305790016628,19765943500.303936,96512.94882868094,87680.63023736114,0.6174499325062123
2025-07-05,91725.85292993339,20587127868.848923,-1.512111191023946,2.522717811544495,0.4007478254702379,2.342243517664744,91635.5440694655,91622.91776858586,12.62630087963771,1.768855202714658,19636135752.618988,96512.94882868094,87680.63023736114,0.45800235246810544
2025-07-06,91875.7650166877,8526377653.002654,0.16343493351740346,-0.37634381005701156,0.32809748101894076,4.2839541310240925,91678.46639535071,91726.50207981,-48.03568445928977,1.7679364682919294,19761986724.7395,96512.94882868094,87680.63023736114,0.47497548191359895
2025-07-07,92716.27622947918,12427234973.725433,0.9148345188078721,-0.4486738210384478,0.3245342064839729,5.743168107352781,91721.31249244418,91764.26015478591,-42.947662341728574,1.7676469506472956,19724841644.88177,96512.94882868094,87680.63023736114,0.5701386266871029
2025-07-08,92275.24309775773,21720959808.2864,-0.4756803763665607,0.5989480067784214,1.506775630974011,1.43761602383925,91916.98991225557,91750.13438064123,166.855531614332,1.6315080621450815,20101685739.39945,96512.94882868094,87680.63023736114,0.5202046113816675
2025-07-09,92941.32184580136,17477801028.690205,0.7218390607088176,1.1597800888189846,3.8812571185098177,1.842083334436162,92413.06340592344,91759.52332696876,653.5400789546838,1.425953900557197,19569019215.170956,96512.94882868094,87680.63023736114,0.5956184159401029
2025-07-10,94912.39749150201,31611278527.148407,2.1207742762372694,2.368646963977805,2.916368142775916,3.361022434662164,92797.28590951518,91706.17161572944,1091.1142937857367,1.165652454784542,19678779896.87905,96361.52693604228,87680.63023736114,0.833066848409746
2025-07-11,99004.56034637336,48019310305.3278,4.311515632336382,7.292657296482541,6.303183012356217,8.208281443213172,93635.91670821923,91794.27272940715,1841.643978812077,1.8891601651015137,22910012880.718544,99004.56034637336,87680.63023736114,1.0
2025-07-12,100582.01197335815,54910392337.88525,1.5933120873078854,8.22098284790207,9.655030463646618,10.094470613748419,94901.08228585136,91998.6163851298,2902.4659007215523,1.5677713237800803,27813336376.295166,100582.01197335815,87680.63023736114,1.0
2025-07-13,100451.91809854071,20832499592.17567,-0.12934109416293804,5.836456304388138,9.334510662627181,9.693234437995656,96126.24701183036,92301.29072273122,3824.9562890991365,1.6076560084368636,29571353796.177025,100582.01197335815,87680.63023736114,0.9899162835826759
2025-07-14,101971.06085182444,23379563631.438828,1.5123083581076946,2.9963271338942388,9.981833825421372,10.338762497103215,97448.35910073681,92639.7167712567,4808.642329480106,1.6000192721912556,31135972175.85037,101971.06085182444,87680.63023736114,1.0
2025-07-15,102728.1364389885,59078617101.46843,0.7424416112176813,2.1337060409954756,11.327949935777259,13.005412355872515,98941.6295780555,93019.61770369245,5922.011874363045,1.4208660195780631,36472780360.59065,102728.1364389885,87680.63023736114,1.0
2025-07-16,101378.82351011859,69177394928.3033,-1.313479418242236,0.9227354032887769,9.078310375567789,13.311920061769733,100146.98695867226,93352.47542638594,6794.511532286328,1.781774594544326,43858436631.96395,102728.1364389885,87680.63023736114,0.9103297974568046
2025-07-17,102050.86482619453,43291088234.72437,0.6629010801342261,0.07826139465789694,7.521111596966734,10.656823042339214,101166.76800648545,93668.37716990076,7498.390836584687,1.7496472842828021,45526980875.90338,102728.1364389885,87680.63023736114,0.9549911059202143
2025-07-18,102832.78436635552,42428341522.13695,0.7662056970244135,0.10186880731470893,3.86671483271972,10.41362395754819,101713.6571521972,94056.76507207876,7656.892080118429,1.003750274939955,44728271049.73326,102832.78436635552,87680.63023736114,1.0
2025-07-19,101464.59466698758,50648001541.73375,-1.3304995170543843,0.0846046086345087,0.8774756801078976,10.617226687980018,101839.74039414428,94396.74488089708,7442.995513247195,1.0998902828884343,44119358078.85447,102832.78436635552,87680.63023736114,0.9097032878810385
2025-07-20,101389.50375941949,20582482843.10427,-0.07400700492082857,-0.648070026551395,0.9333676037515115,10.355003564872378,101973.68120284122,94744.69336903255,7228.987833808671,1.0979121828237606,44083641400.4157,102832.78436635552,87680.63023736114,0.9047474969797034
2025-07-21,100808.82351084548,31553795948.414337,-0.5727222513603247,-1.9682058285025228,-1.139771746287721,8.728291957430102,101807.64729698711,95117.4348138643,6690.212483122814,0.9334293654226654,45251388874.26934,102832.78436635552,87680.63023736114,0.8664242167628764
2025-07-22,100452.32844117121,39626348735.07062,-0.35363478836346607,-0.9976546293203992,-2.215369690044866,8.861624276351732,101482.5318687275,95529.12790720018,5953.403961527321,0.8445386078053272,42472493393.35537,102832.78436635552,87680.63023736114,0.84289653438588
2025-07-23,102195.0206380391,50212433079.6166,1.7348449995248094,0.7944775827396944,0.8050962712533805,9.956495785147679,101599.13145843042,96012.9409205561,5586.190537874325,1.0137243651257397,39763213129.25727,102832.78436635552,89468.80739012624,0.9522773999498186
2025-07-24,100740.74328685069,38406013649.82173,-1.4230413009448606,-0.06753399318014663,-1.283792686691243,6.140763429635765,101411.97123852416,96338.7163625049,5073.2548760192585,1.1274118172926815,39065345331.41404,102832.78436635552,89468.80739012624,0.8434566983147319
2025-07-25,100674.2945847306,44181399492.1295,-0.06596010705508526,0.2209666485624373,-2.0990288213290187,1.686522552613301,101103.61555543488,96652.51843815083,4451.097117284051,1.0525219518902469,39315782184.27012,102832.78436635552,89468.80739012624,0.8384844731875647
2025-07-26,100064.48835985326,77995707721.00705,-0.6057218750751714,-2.084771121806317,-1.379896417789428,-0.5145289931583141,100903.6003687014,96927.13132963477,3976.4690390666365,0.9661095588432203,43222597352.737724,102832.78436635552,89468.80739012624,0.7928538778968061
2025-07-27,100420.96370933183,21407153487.608276,0.35624561252600717,-0.3174282490732816,-0.9552665849769215,-0.03081513005905867,100765.23750440318,97224.68214439615,3540.555360007027,0.9884675269118636,43340407444.80973,102832.78436635552,89468.80739012624,0.8195282241720682
2025-07-28,101566.62233312655,25702663606.65858,1.1408560339162044,0.8863511307198202,0.751718744341412,-0.3966208798058757,100873.49447901474,97564.91186231986,3308.5826166948827,1.0701860093359488,42504531395.98748,102832.78436635552,89468.80739012624,0.9052555960339413
2025-07-29,101773.59986999497,37460039035.904305,0.2037849956155524,1.70801004247918,1.3153218539852407,-0.9291870777393463,101062.24754027529,97904.85490013665,3157.3926401386416,1.0503233395020803,42195058581.82086,102832.78436635552,89468.80739012624,0.9207433162864211
2025-07-30,102015.4741549543,37100464595.5966,0.23765916236460072,1.5878262732448745,-0.17569005022342044,0.6279917469866447,101036.59804269174,98224.8255869743,2811.772455717437,0.8082167007180728,40321920226.96087,102832.78436635552,89468.80739012624,0.9388422912689096
2025-07-31,103094.65911069394,37669177220.54064,1.0578639806157586,1.504467454431646,2.3366075602010206,1.0228176765352481,101372.87173181222,98631.13085202817,2741.740879784047,0.6116573412745978,40216657879.92071,103094.65911069394,89468.80739012624,1.0
2025-08-01,101266.77423488023,39594913548.800705,-1.7730160723952726,-0.49799322787260625,0.5885113499861427,-1.5228704941958715,101457.51168183358,99024.39641351998,2433.1152683136024,1.0084255194905134,39561445602.30231,103094.65911069394,91725.85292993339,0.8392192771386103
2025-08-02,97670.50865860682,56751201943.23397,-3.551278890282572,-4.2591239538305565,-2.392436857956215,-3.7393201252448383,101115.51458165552,99205.9853699282,1909.5292117273202,1.7139898708937777,36526516205.477585,103094.65911069394,91725.85292993339,0.5228918176768269
2025-08-03,97113.83293733928,28941715271.955215,-0.5699527205426214,-5.801295843010634,-3.293267311758763,-4.21707441455249,100643.06732851373,99338.64164265801,1304.42568585572,1.687499627740289,37602882174.67,103094.65911069394,91725.85292993339,0.47392663061878676
2025-08-04,98544.69571178316,21304868077.67329,1.473387190233888,-2.6880272860113186,-2.9753146771306693,-2.2459619309203926,100211.36352546467,99565.936402053,645.4271234116604,1.743971400506588,36974625670.52925,103094.65911069394,91875.7650166877,0.5944374409112548
2025-08-05,99402.68189721879,28047885399.762337,0.8706568925282543,1.7734864519509452,-2.3296001868900906,-1.044920073273492,99872.66095792523,99816.83363140404,55.827326521190116,1.8008451205023641,35630032293.93754,103094.65911069394,92275.24309775773,0.6587637254117182
2025-08-06,98535.11119801582,32217736351.568035,-0.8727839960093187,1.4635178302493612,-3.411602980594941,-3.5812991838283237,99375.46624979113,100010.79479702192,-635.3285472307907,1.7922068692813535,34932499687.64774,103094.65911069394,92275.24309775773,0.5785772626520217
2025-08-07,98617.06935935387,27481020444.929104,0.08317660612708888,0.07344245882334732,-4.343183041647613,-2.108058624751097,98735.81057102828,100222.1890057418,-1486.3784347135224,1.687554034118407,33477048719.703236,103094.65911069394,92941.32184580136,0.5590031499473253
2025-08-08,100593.37030160379,32790522234.42031,2.004015080846111,1.197843339494753,-0.6649801362434316,-0.0803822698342338,98639.61000913163,100477.25728760188,-1837.6472784702491,1.8531433617399349,32504992817.648895,103094.65911069394,94912.39749150201,0.6943034914426048
2025-08-09,100188.63159011547,28348753217.019073,-0.40235127849361785,1.678102731093234,2.5781814450361873,0.12406322392393143,98999.34185649002,100653.13175755567,-1653.7899010656547,1.0988585831328332,28447500142.475338,103094.65911069394,97113.83293733928,0.5141093493863459
2025-08-10,100012.9551078504,23725299225.403564,-0.17534572483611788,1.415460586655648,2.985282408101142,-0.4062982333672971,99413.50216656305,100686.74491627156,-1273.2427497085155,1.051746271781688,27702297850.110813,103094.65911069394,97113.83293733928,0.4847360693121424
2025-08-11,102388.26991891616,31899189301.945244,2.375007126331097,1.7843120395815593,3.900335963667123,0.8089740181520533,99962.58419615346,100746.95351445684,-784.3693183033756,1.2398131402289891,29215772310.721096,103094.65911069394,97113.83293733928,0.8818910345656202
2025-08-12,102252.36408305229,53151777917.41952,-0.13273574792453946,2.0598469708417833,2.8668061378666287,0.47042082983101974,100369.68165127255,100806.96838060721,-437.2867293346644,1.2550949618566623,32802042670.386406,103094.65911069394,97113.83293733928,0.8591674455622565
2025-08-13,102941.21044477944,40200255413.61668,0.6736727975967804,2.9278760274319637,4.471603262221069,0.9074469314518163,100999.12440081021,100839.30670037238,159.81770043782308,1.120264337805933,33942402536.393353,103094.65911069394,97113.83293733928,0.974343232612555
2025-08-14,105497.3648541721,52780803783.45481,2.483120606750444,3.036573366966855,6.97677951648199,2.330582170021378,101982.0237572128,100931.61431421184,1050.4094430009573,1.280077350208866,37556657299.03989,105497.3648541721,97113.83293733928,1.0
2025-08-15,101636.75851010124,63367187898.90436,-3.6594339104178975,-0.602045320390876,1.0372335725198578,0.3653560390527,102131.07921556958,100940.2121475446,1190.867068024978,2.0683818066666104,41924752393.96618,105497.3648541721,97113.83293733928,0.5395012051759032
2025-08-16,100249.0165320033,37820887456.446495,-1.3653937792201587,-2.615273223565129,0.060271251268173565,2.6400065985212384,102139.70563583927,100880.15053773821,1259.5550981010601,2.143161696503096,43277914428.1701,105497.3648541721,97113.83293733928,0.3739693038406712
2025-08-17,100386.92934334678,19823192502.561485,0.13757023870599738,-4.844135697502416,0.3739257930066131,3.3703709420257466,102193.13052662447,100798.62203697125,1394.5084896532207,2.1414660842072775,42720470610.62122,105497.3648541721,97113.83293733928,0.3904197465313679
2025-08-18,100408.14737475921,17858932270.677223,0.021136249062725376,-1.208825579792494,-1.9339349573198827,1.8909710456929574,101910.25587745919,100763.40712723033,1146.8487502288626,1.8897851820963025,40714719606.154366,105497.3648541721,97113.83293733928,0.39295066448133414
2025-08-19,99638.83738284874,40571491001.968185,-0.7661828367763079,-0.6086634764738696,-2.555957237409956,0.23757456149335887,101536.89492028726,100705.05158134463,831.8433389426355,1.8976493239247416,38917535761.08989,105497.3648541721,97113.83293733928,0.30118623875453315
2025-08-20,96863.62870408865,39643456205.35065,-2.785268025656218,-3.509720500771185,-5.903934599594562,-1.696331869528378,100668.66895733144,100573.54508778607,95.12386954536487,2.0312011666276653,38837993017.05189,105497.3648541721,96863.62870408865,0.0
2025-08-21,98066.48889556382,36192743936.93882,1.2418078979363978,-2.3321399113714225,-7.043660255286854,-0.5583013847063167,99607.11524895883,100494.01710293248,-886.9018539736571,1.7226930648295853,36468270181.83532,105497.3648541721,96863.62870408865,0.13932093482652197
2025-08-22,96791.60865096422,27594303205.10593,-1.3000162022291706,-2.8575491311128243,-4.7671235586045135,-3.77933619207802,98914.95098336783,100313.90337002999,-1398.9523866621603,1.3004275473785207,31357858082.721256,105497.3648541721,96791.60865096422,0.0
2025-08-23,99649.68389695964,43394744873.31338,2.9528130442606937,2.8762655602983633,-0.5978439048849205,-0.5379329816188494,98829.33203550444,100277.53472370029,-1448.2026881958445,1.838473609086366,32154123427.98795,105497.3648541721,96791.60865096422,0.3282971839875649
2025-08-24,98413.25581587307,23295280813.953922,-1.2407747147146764,0.3536038908036554,-1.9660662402804396,-1.5994920760538212,98547.37867443675,100202.16676473836,-1654.7880903016048,1.8856002064253508,32650136043.90116,105497.3648541721,96791.60865096422,0.18627298158330077
2025-08-25,96831.87444122262,34738920621.61563,-1.6068784245987566,0.04160049700547841,-3.561735802363386,-5.426789105913976,98036.4825410744,100094.41296745068,-2057.9304263762897,1.9434962473308839,35061562951.17808,105497.3648541721,96791.60865096422,0.004625191576530273
2025-08-26,94870.8022108815,45508626508.94538,-2.0252341924161477,-4.795681731433909,-4.785317951519952,-7.21896450841496,97355.33465936479,99909.407584169,-2554.072924804219,2.0285657859725523,35766868023.603386,105497.3648541721,94870.8022108815,0.0
2025-08-27,96085.19058174777,36962176863.57976,1.280044378845746,-2.3656012747723887,-0.8036433620703609,-6.660131383154311,97244.1292133161,99726.69319245638,-2482.563979140279,1.9036479488890756,35383828117.636116,105497.3648541721,94870.8022108815,0.11427856886845741
2025-08-28,95491.24256694404,31732426179.25084,-0.6181473036663276,-1.3844943950685917,-2.6260207310596084,-9.484713007817225,96876.23688065611,99517.28128235468,-2641.044401698571,1.8128252696672988,34746639866.537834,105497.3648541721,94870.8022108815,0.05838579951855549
2025-08-29,96327.42513440635,29296132696.908375,0.8756641394378262,1.535375362682223,-0.4795699989156521,-5.223831863121853,96809.9249497193,99327.67964833643,-2517.7546986171365,1.812400049519438,34989758365.36675,105497.3648541721,94870.8022108815,0.1370737624592586
2025-08-30,92833.21571313974,44244654256.130905,-3.6274294847922217,-3.384470435994291,-6.840431316238105,-7.397380119431052,95836.14378060216,98985.63153508461,-3149.487754482456,1.69524316760763,35111173991.48354,105497.3648541721,92833.21571313974,0.0
2025-08-31,93079.4993099107,23787109625.655018,0.2652968497094621,-2.52561721075375,-5.419754139565914,-7.279264423402143,95074.17856546468,98712.72237091897,-3638.54380545429,1.7533794801206841,35181435250.29799,105497.3648541721,92833.21571313974,0.019447307041969786
2025-09-01,92603.82205525991,22361870370.60843,-0.5110440625244461,-3.8655689944487537,-4.366384943347512,-7.772601649914678,94470.1710817557,98543.83281747407,-4073.6617357183713,1.7157145421435194,33413285214.439816,105497.3648541721,92603.82205525991,0.0
2025-09-02,93160.30917539094,36696211724.2238,0.6009332096454489,0.35234528906327167,-1.8029709833046748,-6.502011040699851,94225.8149338285,98412.04869207578,-4186.233758247283,1.6435959850384698,32154368816.622444,105497.3648541721,92603.82205525991,0.04316014060759006
2025-09-03,95564.51461797631,43175824561.12218,2.5807186170443197,2.669777261899209,-0.5418899214530648,-1.3411784211399325,94151.43265328971,98312.70932228221,-4161.276668992505,1.8988157361902016,33042032773.41422,105497.3648541721,92603.82205525991,0.22962599255234875
2025-09-04,95810.61376367709,31224075565.029102,0.2575214729908515,3.462915068995298,0.334450770717698,-2.3003527069161533,94197.05710996586,98192.97371783084,-3995.916607864987,1.884863438935346,32969411257.09683,105497.3648541721,92603.82205525991,0.24871299986592743
2025-09-05,94986.43307352652,33206398153.130936,-0.860218568459914,1.9601951885942936,-1.3921186609200165,-1.8650124763885834,94005.48681555445,98074.68444701452,-4069.1976314600615,1.874301136548242,33528020607.98577,105497.3648541721,92603.82205525991,0.18479102721616844
2025-09-06,94407.78797591303,47792015840.241295,-0.6091871006100202,-1.2104143956439772,1.6961302597109373,-5.26032368197662,94230.42571023635,97934.3750675665,-3703.949357330159,1.162294666061821,34034786548.572964,105497.3648541721,92603.82205525991,0.13991235370974367
2025-09-07,94063.21203438193,16507279529.946053,-0.36498677589926753,-1.8238080945867208,1.0568521873929981,-4.420180742348256,94370.95609944653,97716.70312532577,-3345.7470258792455,1.1847727342742231,32994810820.61454,105497.3648541721,92603.82205525991,0.11318766314911859
2025-09-08,94891.3852834126,18910523689.28822,0.8804433009665491,-0.10006459558319358,2.4702686966717513,-2.003977687107472,94697.75084632549,97540.12824843568,-2842.3774021101854,1.1708040766945254,32501761294.71165,105497.3648541721,92603.82205525991,0.17741929148796012
2025-09-09,95188.98420179178,31575131518.838196,0.3136205857785068,0.8274701087987113,2.177617318316871,0.3353845266355071,94987.56156438275,97379.32921823372,-2391.7676538509695,1.1657721318229608,31770178408.227997,105497.3648541721,92603.82205525991,0.20050052858629205
2025-09-10,95333.12684415346,38747777335.23597,0.1514278606609576,1.3500653255465789,-0.2421272945798303,-0.7827051526264728,94954.50616812236,97144.1577824083,-2189.6516142859473,0.605452749376405,31137600233.1014,105497.3648541721,92603.82205525991,0.2116799727941199
2025-09-11,97391.23127056123,44609019192.87214,2.158855472948318,2.634428804766964,1.6497311151589367,1.9896994243060462,95180.3086691058,96982.12002199193,-1801.8113528861286,1.0330402683627535,33049735037.078976,105497.3648541721,92603.82205525991,0.3713028521303876
2025-09-12,98432.14511323096,37286367665.55346,1.0687962654235106,3.407075869791809,3.6275833592332107,2.184964433428882,95672.55324620641,96831.81784427365,-1159.2645980672387,0.9445816060196861,33632587824.567905,105497.3648541721,92603.82205525991,0.4520342584555406
2025-09-13,98980.05823028967,43621513961.10506,0.5566404312619788,3.8254607887749703,4.8431070703014445,6.6213827345419585,96325.73471111737,96614.57429014424,-288.8395790268696,0.8061417991400124,33036801841.83416,101636.75851010124,92603.82205525991,0.70588741622469
2025-09-14,98832.91573254879,25621141957.451214,-0.14865873022475995,1.4803021208166456,5.070742955730068,6.18118540096777,97007.12095371264,96521.11286422581,486.0080894868297,0.7623301588113768,34338782188.620605,100408.14737475921,92603.82205525991,0.7981591517879625
2025-09-15,98393.91401371411,22932059613.363216,-0.4441857407330385,-0.03884005522065692,3.6910924209194285,6.252541018230384,97507.48220089858,96459.27611361617,1048.2060872824077,0.8702034985490844,34913287320.631325,100408.14737475921,92603.82205525991,0.7419080729486648
2025-09-16,98091.24213301843,39906899421.43787,-0.3076124003497771,-0.8979749185470176,3.048943063699605,5.292954694197216,97922.0904767881,96382.75320660524,1539.337270182863,0.9249927624861065,36103539878.14556,100408.14737475921,92603.82205525991,0.7031254917126616
2025-09-17,98354.71938195659,33663895943.32588,0.2686042537628941,-0.483843208558421,3.1695095270951157,2.9197079848458873,98353.7465536171,96314.30560684513,2039.440946771967,0.9200822931515895,35377271107.872696,99649.68389695964,92603.82205525991,0.8162092098742231
2025-09-18,98474.79897755387,46288785038.11534,0.1220882905790921,0.08220525085371744,1.1125926768318584,2.7806785795654765,98508.54194033034,96275.50432666864,2233.037613661698,0.5284309743527916,35617237657.193146,99649.68389695964,92603.82205525991,0.8332517801509515
2025-09-19,99360.9346070095,37016842293.76096,0.8998603080749845,1.2943994248429291,0.9435835140137572,4.605396151781793,98641.22615372729,96358.74785676601,2282.4782969612716,0.48177319295825466,35578734032.65136,99649.68389695964,92603.82205525991,0.9590185989397033
2025-09-20,98467.62219224471,29199714023.41501,-0.8990579831983259,0.11479145179569272,-0.5177164443091131,4.300317064273873,98568.02100543513,96372.11896665537,2195.9020387797646,0.5747647867571849,33518476898.69564,99649.68389695964,92603.82205525991,0.8322331985394467
2025-09-21,98498.08812072477,15981409590.657967,0.030940046892347084,0.023649850939233552,-0.33878147714481166,4.714782740697632,98520.18848946028,96429.00161564739,2091.186873812898,0.5748179585259916,32141372274.868034,99649.68389695964,92603.82205525991,0.836557144873414
2025-09-22,98240.45469526794,15897733045.11198,-0.2615618540139253,-1.1276865663283786,-0.15596423821984118,3.5293713985233177,98498.26572968226,96382.02730892433,2116.2384207579307,0.5576780498863767,31136468479.403572,99360.9346070095,92603.82205525991,0.8341777048761093
2025-09-23,95491.21686929412,58594784819.48708,-2.798478319854769,-3.0227248883288427,-2.6506191655708666,0.3175080289349763,98126.83354915022,96284.62601070503,1842.2075384451891,1.1980615441524336,33806166393.410603,99360.9346070095,92603.82205525991,0.4273119312311273
2025-09-24,94822.95466260515,39068535658.67278,-0.6998153637560955,-3.7311723793208795,-3.5908441827137705,-0.5351468040929008,97622.29573210001,96217.66201808445,1404.6337140155665,1.166613542861948,34578257781.3173,99360.9346070095,92603.82205525991,0.32841433235719064
2025-09-25,96484.30549525259,39742567269.003,1.7520555424145767,-1.7876028826034562,-2.021322717048646,-0.9312191287418115,97337.93952034267,96271.44546089681,1066.4940594458603,1.4445597766839358,33643083814.30125,99360.9346070095,92603.82205525991,0.574281308809621
2025-09-26,93429.36238918404,63863448018.21804,-3.16625910337186,-2.1592085091263313,-5.969722649334885,-5.082468454072586,96490.57206065333,96182.91785447803,307.6542061752989,1.687126757262873,37478313203.50941,99360.9346070095,92603.82205525991,0.12217353604837863
2025-09-27,93733.33046731637,47210216457.18096,0.32534534150638894,-1.149114367049442,-4.8079679589350555,-5.300792762483653,95814.24467137785,96124.32078449042,-310.0761131125764,1.7452550047679884,40051242122.61883,99360.9346070095,92603.82205525991,0.16715844281208506
2025-09-28,93706.0663396537,19906770675.33608,-0.029086908068598483,-2.8794726161298745,-4.865091163188573,-5.187390612626297,95129.67013122483,96036.94215799868,-907.2720267738478,1.7412752364132347,40612007991.85857,99360.9346070095,92603.82205525991,0.16312356438526235
2025-09-29,95794.87781440046,26715560327.661194,2.229110191410144,2.531875809408568,-2.4893786255910655,-2.6414603234010903,94780.30200538663,96135.66422804071,-1355.3622226540756,2.068723074239039,42157411889.36559,99360.9346070095,92603.82205525991,0.4722513847004521
2025-09-30,97441.23493991702,49299183409.02935,1.718627512325166,3.9558014786357676,2.0420915499401726,-0.6626556856319077,95058.87601547562,96281.05541570758,-1222.1794002319657,1.8693060470004006,40829468830.728775,99360.9346070095,92603.82205525991,0.7158994093423198
2025-10-01,97152.74698804856,49178582231.7072,-0.2960635218204555,3.6781830494322376,2.4569919105908333,-1.2220790232141399,95391.70349053897,96432.68624680054,-1040.9827562615683,1.8391458845301192,42273761198.30512,99360.9346070095,93160.30917539094,0.6438766309442212
2025-10-02,100978.39220205067,59580033401.415955,3.9377632981111077,5.411055899766493,4.657842209393537,2.5423694696421473,96033.71587722441,96693.28901435588,-659.5731371314614,2.253377812925069,45107684931.50697,100978.39220205067,93429.36238918404,1.0
2025-10-03,102871.3031863086,60772482625.84937,1.8745703342853304,5.572659510873201,10.105967284453632,3.5329464172043634,97382.56456252791,96936.84863330028,445.71592922763375,1.501553901668495,44666118446.88287,102871.3031863086,93429.36238918404,1.0
2025-10-04,104109.08508221639,70815746623.90675,1.2032334164816083,7.160207312535971,11.069439828042738,5.72925674894178,98864.81522179935,97213.46434391825,1651.3508778810938,1.4324621685339867,48038337042.12941,104109.08508221639,93429.36238918404,1.0
2025-10-05,104264.8869679945,29956650981.864574,0.14965253575620618,3.2546515093722084,11.268022488606611,5.854731759058729,100373.21816870516,97522.74614040052,2850.472028304648,1.4015110533325192,49474034228.77635,104264.8869679945,93429.36238918404,1.0
2025-10-06,105463.16660436832,61491328036.95812,1.1492647920307464,2.5195203499712937,10.092699119779525,7.352074999555436,101754.40228155772,97891.25876134903,3863.143520208687,1.3728317695918808,54442001044.39019,105463.16660436832,93429.36238918404,1.0
2025-10-07,106551.58508872648,59440732129.631584,1.0320366051981278,2.3460968892207834,9.349584038448366,11.582602653992247,103055.88087424477,98307.5378631605,4748.343011084275,1.370047624356697,55890793718.76194,106551.58508872648,93429.36238918404,1.0
2025-10-08,104255.92298627394,65278915904.39019,-2.1545076974133437,-0.008597315914526948,7.311348591202682,9.947979745234449,104070.6203025627,98619.68911992255,5450.931182640154,1.8316058172010095,58190841386.28808,106551.58508872648,93429.36238918404,0.8250553922901656
2025-10-09,106071.31235223153,53809380904.86745,1.7412817554707027,0.5766427914539962,5.043574213372581,9.936338151338674,104798.1803240171,98982.43339160389,5815.746932413211,1.3831731009629997,57366462458.20972,106551.58508872648,93429.36238918404,0.963400046814348
2025-10-10,105228.2710834201,62340161865.48952,-0.7947872521949617,-1.2419468037049408,2.2911811400336157,12.628694440926601,105134.89002360447,99312.27153291277,5822.618490691704,1.377722497738537,57590416635.30117,106551.58508872648,93429.36238918404,0.8991547365407443
2025-10-11,97419.94637335114,129950541556.37764,-7.420367767782565,-6.556919182253862,-6.425124861660969,3.9330896359435874,104179.29877948086,99313.22870300576,4866.0700764750945,3.16518681796857,66038244482.797005,106551.58508872648,93429.36238918404,0.3041088446324146
2025-10-12,95390.32625200406,93489241562.27141,-2.0833722424448697,-10.069627558447724,-8.511552617627272,1.7973862078955127,102911.50439148222,99211.83474096487,3699.669650517346,3.1543183029881514,75114328851.42656,106551.58508872648,93429.36238918404,0.1494383922388694
2025-10-13,99291.56756858814,80903319127.82346,4.089766195240507,-5.641738150506736,-5.8518999898155455,3.6501844712014897,102029.84738637078,99222.21838557482,2807.6290007959615,3.675035194123684,77887470435.83589,106551.58508872648,93429.36238918404,0.44673873577900125
2025-10-14,99618.766232156,59599987118.66536,0.3295331835121207,2.257053037555723,-6.5065375149487075,2.2347123305463734,101039.444692575,99248.4134022284,1791.0312903465965,3.625978136674242,77910221148.55501,106551.58508872648,93429.36238918404,0.47167343404313533
2025-10-15,97526.36565833045,78612852671.1513,-2.100408038530943,2.2392620827015097,-6.454844132768822,0.38456830286832666,100078.07936001163,99219.4951237156,858.5842362960248,3.622912268464335,79815069258.0923,106551.58508872648,93429.36238918404,0.31221869670671515
2025-10-16,95060.99553761768,59142138344.26958,-2.527901151725309,-4.260756612637917,-10.380108033406653,-5.860062272127187,98505.17695792395,99118.4869038689,-613.3099459449586,3.4616504483854285,80576891749.43547,106551.58508872648,93429.36238918404,0.12434121762699042
2025-10-17,92383.55531774525,72463758766.26941,-2.8165497370716164,-7.262899539981749,-12.206525521541778,-10.195017992111133,96670.21756282753,98919.44810172853,-2249.230538901,3.4772075830211757,82023119878.1183,106551.58508872648,92383.55531774525,0.0
2025-10-18,91285.61583374045,80892945774.25757,-1.1884577078989156,-6.399038641974597,-6.296791127457146,-12.31733929690101,95793.88462859743,98679.80866360143,-2885.9240350040054,2.437802965303474,75014891909.244,106551.58508872648,91285.61583374045,0.0
2025-10-19,91924.20612052453,29521188773.412834,0.6995519293501395,-3.2997649554930897,-3.6336180697429055,-11.835893373440399,95298.72460981466,98431.91771405192,-3133.19310423726,2.43950266923889,65876598653.69279,106551.58508872648,91285.61583374045,0.04183096900810979
2025-10-20,93170.21290849833,38919466333.05175,1.3554719051259712,0.8515125749896102,-6.165029730104054,-11.656158345771505,94424.24537265896,98255.33740459372,-3831.0920319347642,1.6834740379706912,59878905397.29683,106551.58508872648,91285.61583374045,0.1234508627182223
2025-10-21,94998.05197270736,51920323345.46964,1.961827720630116,4.066835837234661,-4.638397396611326,-10.84313584485711,93764.14333559487,98138.66953299314,-4374.526197398271,1.9696992836515685,58781810572.55459,106551.58508872648,91285.61583374045,0.24318378197665924
2025-10-22,93520.33628364622,91240474505.2917,-1.5555220958485383,1.7363545800210156,-4.107637301608036,-10.297339849018595,93191.85342492569,97981.33225260575,-4789.478827680054,1.913222038347125,60585756548.86036,106551.58508872648,91285.61583374045,0.14638575596344042
2025-10-23,92716.1802750522,72365182118.779,-0.8598728795788491,-0.48731522583513875,-2.4666428636733406,-12.590710703032382,92856.87981598776,97888.83103279768,-5031.951216809917,1.725039404105392,62474762802.3617,106551.58508872648,91285.61583374045,0.09370937523960472
2025-10-24,94718.75967749911,48365007841.78023,2.159902830882432,-0.2939979182820296,2.527727312206296,-9.987345888814936,93190.48043880974,97885.35786662747,-4694.87742781773,1.5527608900704193,59032084098.86324,106551.58508872648,91285.61583374045,0.2248886910758948
2025-10-25,95480.42231799405,42253850246.52488,0.8041307161202882,2.0958928423898238,4.595254625760159,-1.9908900872559254,93789.73850798883,97851.89509405219,-4062.1565860633564,1.3945495304722721,53512213309.18715,106551.58508872648,91285.61583374045,0.2747815362515241
2025-10-26,96015.90174308047,19969458183.39912,0.5608264103640348,3.5589488892222354,4.451162316475377,0.6558060084874251,94374.26645406825,97938.1130725154,-3563.8466184471617,1.3947503722147194,52147680367.756615,106551.58508872648,91285.61583374045,0.3098582101359241
2025-10-27,98422.81212172599,36525754907.077805,2.5067830796256407,3.9105795481682026,5.637637877232482,-0.8749539040785459,95124.63777024361,98094.4291276624,-2969.791357418784,1.5531206523543595,51805721592.617485,106551.58508872648,91285.61583374045,0.4675232976546481
2025-10-28,97992.47345772864,54723399010.058044,-0.4372346763117485,2.6309593932966724,3.1520872510960363,-1.6325164785090607,95552.41226810381,98237.30936493156,-2684.8970968277426,1.517496092234505,52206160973.272964,106551.58508872648,91285.61583374045,0.439333887810475
2025-10-29,96931.05248742836,56896517713.317986,-1.0831658114621945,0.9531241468696106,3.6470315861969027,-0.6104125452471854,96039.6574400727,98275.18185403249,-2235.5244139597926,1.4206486136718188,47299881431.56244,106551.58508872648,91285.61583374045,0.3698053205396079
2025-10-30,94854.50647391599,55367512075.777054,-2.1422918251936762,-3.6254863795162073,2.30631394921601,-0.21721744289957545,96345.13261133895,98188.95757183245,-1843.8249604934972,1.686338577443135,44871642853.99073,106551.58508872648,91285.61583374045,0.23378080884120073
2025-10-31,93541.45287971711,62783032059.92683,-1.3842817205105162,-4.542206580724373,-1.2429499729414983,1.2533589533216816,96176.94592594153,98068.58110155472,-1891.6351756131917,1.5768045594879971,46931360599.44025,106551.58508872648,91285.61583374045,0.147769002301631
2025-11-01,94468.04693630089,50694252673.03528,0.9905705204036774,-2.5409871118926675,-1.060296296471619,3.4862350146781518,96032.32087141392,97851.56959269641,-1819.2487212824926,1.5973998004974088,48137132374.65601,106551.58508872648,91285.61583374045,0.20846570888520707
2025-11-02,94892.91266224328,21510731986.625607,0.44974543215536844,0.040489576884628065,-1.1695865585286902,3.2295155617948934,95871.89385986574,97585.62324189422,-1713.729382028483,1.589796472375978,48357314346.54552,106551.58508872648,91285.61583374045,0.23629661295987806
2025-11-03,95987.17549885015,30447590497.801785,1.1531554948700284,2.6145869492512075,-2.474666767155087,3.0234583590769804,95523.94577088348,97314.89292244868,-1790.9471515651967,1.2598536572082675,47489005145.220375,106551.58508872648,91285.61583374045,0.3079764924571769
2025-11-04,92474.6836355173,65169534358.40296,-3.6593345361797036,-2.1100926349495674,-5.630830233703177,-2.6562316645345696,94735.69008199616,96921.88614469946,-2186.196062703297,1.7786284803894936,48981310194.983925,106551.58508872648,91285.61583374045,0.0778900954086809
2025-11-05,88489.86931589845,94872204178.03581,-4.309086728346889,-6.747651817934475,-8.708440644059545,-5.379008638816707,93529.80677177758,96356.10956841712,-2826.302796639531,2.2232966521172832,54406408261.37219,106551.58508872648,88489.86931589845,0.0
2025-11-06,90364.78752131952,67056292978.53706,2.118794185047146,-5.857436629748502,-4.7332690027026665,-2.5361190967499225,92888.41834997809,95816.54964950356,-2928.1312995254702,2.5100303414729233,56076234104.62361,106071.31235223153,88489.86931589845,0.10664188380592202
2025-11-07,87737.50332916825,55521374917.185936,-2.9074203173790725,-5.122678034801753,-6.204681851597959,-7.3705107331439095,92059.2826998997,95265.93566093336,-3206.6529610336584,2.6453579590107204,55038854512.80349,106071.31235223153,87737.50332916825,0.0
2025-11-08,89369.99180769791,80926126213.8177,1.8606507098851255,0.994602544453449,-5.396592068893479,-6.399668499522937,91330.98911009927,94709.22497611558,-3378.2358660163154,2.7656338961506743,59357693590.05812,105228.2710834201,87737.50332916825,0.0933342950673401
2025-11-09,88414.07088207341,44164557700.57676,-1.069621811850896,-2.158713247442623,-6.827529684150713,-7.917262373214018,90405.4402843607,94148.75163607068,-3743.3113517099846,2.714359653122692,62593954406.33686,99618.766232156,87737.50332916825,0.05694407727776404
2025-11-10,90715.7536178522,51940120793.35928,2.6032991274078654,3.3945008413452715,-5.491798100738043,-7.830561165374917,89652.38001564672,93925.27854422074,-4272.89852857402,2.948904414100233,65664315877.13079,99618.766232156,87737.50332916825,0.2506678215103729
2025-11-11,91627.7638118552,58438241365.197395,1.0053493000178548,2.52632003034694,-0.9158396550997483,-6.495100512611318,89531.39146940927,93799.85979621577,-4268.468326806498,2.70293075262633,64702702592.38714,99618.766232156,87737.50332916825,0.32742819635012654
2025-11-12,88864.31289067228,61286481929.879166,-3.01595368720039,0.5092424815495766,0.42314852272762327,-8.322141759269874,89584.88340866267,93452.28464028523,-3867.401231622556,2.393803535967469,59904742271.22191,99618.766232156,87737.50332916825,0.09483920781019668
2025-11-13,87583.28561304913,54637190342.881615,-1.4415542482156818,-3.4530584599438585,-3.0780816118382015,-7.665656731729841,89187.52599319548,93051.10195298167,-3863.5759597861907,2.264400280286823,58130584751.84255,98422.81212172599,87583.28561304913,0.0
2025-11-14,85762.20609302982,86392446247.65198,-2.079254628634286,-6.401507004874074,-2.251371604144725,-8.31636301040829,88905.34067374714,92658.96330080499,-3753.622627057848,2.1306850594062143,62540737799.05199,98422.81212172599,85762.20609302982,0.0
2025-11-15,81256.30157803185,97379084329.798,-5.253951268592861,-8.561379776829414,-9.078763537457524,-13.985411773334977,87746.24206950913,92198.80683548545,-4452.56476597632,2.5757092762144005,64891160387.04918,98422.81212172599,81256.30157803185,0.0
2025-11-16,82171.8162876493,33607603436.333965,1.1266999504503161,-6.17865530794105,-7.060250175280391,-13.405739182938525,86854.49141316283,91858.41553448226,-5003.924121319433,2.740058897273133,63383024063.585915,98422.81212172599,81256.30157803185,0.05333143898331443
2025-11-17,81307.88664310497,62562656962.91194,-1.0513697805097477,-5.193802320212082,-10.370709165222468,-15.292968856991763,85510.51041677037,91525.82456146108,-6015.31414469071,2.2398107173043327,64900529230.66486,98422.81212172599,81256.30157803185,0.00300498257591811
2025-11-18,79409.74694896811,82652056440.66154,-2.3345087082002336,-2.2725063696019454,-13.33440472035864,-14.128122609257854,83765.07943635792,91108.6759224092,-7343.596486051276,1.9462012592545332,68359645670.01689,98422.81212172599,79409.74694896811,0.0
2025-11-19,80158.6799592857,89673337518.58142,0.9431247914678309,-2.4499109540386144,-9.796545596539897,-9.414851011782366,82521.41758901699,90674.95815743544,-8153.540568418452,2.1669205551221062,72414910754.1172,98422.81212172599,79409.74694896811,0.039390440389941335
2025-11-20,79175.41705011674,71839298914.75816,-1.2266455855664993,-2.62270940868079,-9.599855159669524,-12.382445395074825,81320.29350859807,90147.53699334907,-8827.243484751001,2.1684422935057017,74872354835.81386,98422.81212172599,79175.41705011674,0.0
2025-11-20,79789.69567935399,74856948714.96817,0.7758451450257775,0.4784661140275981,-6.964035425111614,-9.0586207131928,80467.0777352158,89689.84897320601,-9222.771237990208,2.287034934110944,73224426616.85902,98422.81212172599,79175.41705011674,0.03191489689653305
